n,alphaTarget,wallHandAlpha,whAlphaScaled,whBlendT_bp,turnBlockT,dtRowOK
1,0.000,0.000,0.000,0.000,0.000,1
2,0.000,0.000,0.000,0.000,0.000,1
3,0.000,0.000,0.000,0.000,0.000,1
4,0.000,0.000,0.000,0.000,0.000,1
5,0.000,0.000,0.000,0.000,0.000,1
6,0.000,0.000,0.000,0.000,0.000,1
7,0.000,0.000,0.000,0.000,0.000,1
8,0.000,0.000,0.000,0.000,0.000,1
9,0.000,0.000,0.000,0.000,0.000,1
10,0.000,0.000,0.000,0.000,0.000,1
11,0.000,0.000,0.000,0.000,0.000,1
12,0.000,0.000,0.000,0.000,0.000,1
13,0.000,0.000,0.000,0.000,0.000,1
14,0.000,0.000,0.000,0.000,0.000,1
15,0.000,0.000,0.000,0.000,0.000,1
16,0.000,0.000,0.000,0.000,0.000,1
17,0.000,0.000,0.000,0.000,0.000,1
18,0.000,0.000,0.000,0.000,0.000,1
19,0.000,0.000,0.000,0.000,0.000,1
20,0.000,0.000,0.000,0.000,0.000,1
21,0.000,0.000,0.000,0.000,0.000,1
22,0.000,0.000,0.000,0.000,0.000,1
23,0.000,0.000,0.000,0.000,0.000,1
24,0.000,0.000,0.000,0.000,0.000,1
25,0.000,0.000,0.000,0.000,0.000,1
26,0.000,0.000,0.000,0.000,0.000,1
27,0.000,0.000,0.000,0.000,0.000,1
28,0.000,0.000,0.000,0.000,0.000,1
29,0.000,0.000,0.000,0.000,0.000,1
30,0.000,0.000,0.000,0.000,0.000,1
31,0.000,0.000,0.000,0.000,0.800,1
32,0.000,0.000,0.000,0.000,0.800,1
33,1.000,0.000,0.000,0.000,0.771,1
34,1.000,0.000,0.000,0.000,0.596,1
35,1.000,0.000,0.000,0.000,0.421,1
36,1.000,0.000,0.000,0.000,0.246,1
37,1.000,0.000,0.000,0.000,0.068,1
38,1.000,0.263,0.263,0.263,0.000,1
39,1.000,0.594,0.594,0.594,0.000,1
40,1.000,0.913,0.913,0.913,0.000,1
41,1.000,1.000,1.000,1.000,0.000,1
42,1.000,1.000,1.000,1.000,0.000,1
43,1.000,1.000,1.000,1.000,0.000,1
44,1.000,1.000,1.000,1.000,0.000,1
45,1.000,1.000,1.000,1.000,0.000,1
46,1.000,1.000,1.000,1.000,0.000,1
47,1.000,1.000,1.000,1.000,0.000,1
48,1.000,1.000,1.000,1.000,0.000,1
49,1.000,1.000,1.000,1.000,0.000,1
50,1.000,1.000,1.000,1.000,0.000,1
51,1.000,1.000,1.000,1.000,0.000,1
52,1.000,1.000,1.000,1.000,0.000,1
53,1.000,1.000,1.000,1.000,0.000,1
54,1.000,1.000,1.000,1.000,0.000,1
55,1.000,1.000,1.000,1.000,0.000,1
56,1.000,1.000,1.000,1.000,0.000,1
57,1.000,1.000,1.000,1.000,0.000,1
58,1.000,1.000,1.000,1.000,0.000,1
59,0.000,0.680,0.680,0.680,0.000,1
60,0.000,0.319,0.319,0.319,0.000,1
61,0.000,0.000,0.000,0.000,0.000,1
62,0.000,0.000,0.000,0.000,0.000,1
63,0.000,0.000,0.000,0.000,0.000,1
64,0.000,0.000,0.000,0.000,0.000,1
65,0.000,0.000,0.000,0.000,0.000,1
66,1.000,0.155,0.155,0.155,0.000,1
67,1.000,0.480,0.480,0.480,0.000,1
68,1.000,0.807,0.807,0.807,0.000,1
69,1.000,1.000,1.000,1.000,0.000,1
70,0.000,0.846,0.846,0.846,0.000,1
71,0.000,0.483,0.483,0.483,0.000,1
72,0.000,0.144,0.144,0.144,0.000,1
73,0.000,0.000,0.000,0.000,0.000,1
74,0.000,0.000,0.000,0.000,0.800,1
75,0.000,0.000,0.000,0.000,0.646,1
76,0.000,0.000,0.000,0.000,0.489,1
77,0.000,0.000,0.000,0.000,0.332,1
78,0.000,0.000,0.000,0.000,0.156,1
79,0.000,0.000,0.000,0.000,0.000,1
80,0.000,0.000,0.000,0.000,0.000,1
81,1.000,0.109,0.109,0.109,0.000,1
82,1.000,0.438,0.438,0.438,0.000,1
83,1.000,0.761,0.761,0.761,0.000,1
84,1.000,1.000,1.000,1.000,0.000,1
85,1.000,1.000,1.000,1.000,0.000,1
86,0.000,1.000,1.000,1.000,0.000,1
87,0.000,0.610,0.610,0.610,0.000,1
88,0.000,0.228,0.228,0.228,0.000,1
89,0.000,0.000,0.000,0.000,0.000,1
90,0.000,0.000,0.000,0.000,0.000,1
91,0.000,0.000,0.000,0.000,0.000,1
92,0.000,0.000,0.000,0.000,0.000,1
93,0.000,0.000,0.000,0.000,0.000,1
94,0.000,0.000,0.000,0.000,0.000,1
95,1.000,0.000,0.000,0.000,0.000,1
96,1.000,0.283,0.283,0.283,0.000,1
97,1.000,0.568,0.568,0.568,0.000,1
98,1.000,0.840,0.840,0.840,0.000,1
99,1.000,1.000,1.000,1.000,0.000,1
100,1.000,1.000,1.000,1.000,0.000,1
101,0.000,0.846,0.846,0.846,0.000,1
102,0.000,0.469,0.469,0.469,0.000,1
103,0.000,0.091,0.091,0.091,0.000,1
104,0.000,0.000,0.000,0.000,0.000,1
105,0.000,0.000,0.000,0.000,0.800,1
106,0.000,0.000,0.000,0.000,0.652,1
107,1.000,0.000,0.000,0.000,0.473,1
108,1.000,0.000,0.000,0.000,0.321,1
109,1.000,0.000,0.000,0.000,0.145,1
110,1.000,0.159,0.159,0.159,0.000,1
111,1.000,0.471,0.471,0.471,0.000,1
112,1.000,0.783,0.783,0.783,0.000,1
113,1.000,1.000,1.000,1.000,0.000,1
114,1.000,1.000,1.000,1.000,0.000,1
115,1.000,1.000,1.000,1.000,0.000,1
116,1.000,1.000,1.000,1.000,0.000,1
117,1.000,1.000,1.000,1.000,0.000,1
118,0.000,1.000,1.000,1.000,0.000,1
119,0.000,0.562,0.562,0.562,0.000,1
120,0.000,0.123,0.123,0.123,0.000,1
121,0.000,0.000,0.000,0.000,0.000,1
122,0.000,0.000,0.000,0.000,0.800,1
123,0.000,0.000,0.000,0.000,0.800,1
124,1.000,0.000,0.000,0.000,0.625,1
125,1.000,0.000,0.000,0.000,0.449,1
126,1.000,0.000,0.000,0.000,0.274,1
127,1.000,0.000,0.000,0.000,0.094,1
128,1.000,0.213,0.213,0.213,0.000,1
129,0.000,0.000,0.000,0.000,0.000,1
130,0.000,0.000,0.000,0.000,0.000,1
131,0.000,0.000,0.000,0.000,0.000,1
132,0.000,0.000,0.000,0.000,0.000,1
133,0.000,0.000,0.000,0.000,0.000,1
134,0.000,0.000,0.000,0.000,0.000,1
135,1.000,0.162,0.162,0.162,0.000,1
136,1.000,0.436,0.436,0.436,0.000,1
137,1.000,0.711,0.711,0.711,0.000,1
138,1.000,1.000,1.000,1.000,0.000,1
139,1.000,1.000,1.000,1.000,0.000,1
140,1.000,1.000,1.000,1.000,0.000,1
141,1.000,1.000,1.000,1.000,0.000,1
142,1.000,1.000,1.000,1.000,0.000,1
143,1.000,1.000,1.000,1.000,0.000,1
144,0.000,1.000,1.000,1.000,0.000,1
145,0.000,0.556,0.556,0.556,0.000,1
146,0.000,0.112,0.112,0.112,0.000,1
147,0.000,0.000,0.000,0.000,0.000,1
148,0.000,0.000,0.000,0.000,0.000,1
149,0.000,0.000,0.000,0.000,0.000,1
150,0.000,0.000,0.000,0.000,0.000,1
151,0.000,0.000,0.000,0.000,0.000,1
152,0.000,0.000,0.000,0.000,0.000,1
153,0.000,0.000,0.000,0.000,0.000,1
154,0.000,0.000,0.000,0.000,0.000,1
155,0.000,0.000,0.000,0.000,0.000,1
156,1.000,0.105,0.105,0.105,0.000,1
157,1.000,0.429,0.429,0.429,0.000,1
158,1.000,0.752,0.752,0.752,0.000,1
159,1.000,1.000,1.000,1.000,0.000,1
160,1.000,1.000,1.000,1.000,0.000,1
161,1.000,1.000,1.000,1.000,0.000,1
162,0.000,0.928,0.928,0.928,0.000,1
163,0.000,0.547,0.547,0.547,0.000,1
164,0.000,0.170,0.170,0.170,0.000,1
165,0.000,0.000,0.000,0.000,0.000,1
166,0.000,0.000,0.000,0.000,0.000,1
167,0.000,0.000,0.000,0.000,0.800,1
168,1.000,0.000,0.000,0.000,0.625,1
169,1.000,0.000,0.000,0.000,0.450,1
170,1.000,0.000,0.000,0.000,0.276,1
171,1.000,0.000,0.000,0.000,0.100,1
172,1.000,0.216,0.216,0.216,0.000,1
173,1.000,0.537,0.537,0.537,0.000,1
174,1.000,0.855,0.855,0.855,0.000,1
175,1.000,1.000,1.000,1.000,0.000,1
176,1.000,1.000,1.000,1.000,0.000,1
177,1.000,1.000,1.000,1.000,0.000,1
178,1.000,1.000,1.000,1.000,0.000,1
179,1.000,1.000,1.000,1.000,0.000,1
180,1.000,1.000,1.000,1.000,0.000,1
181,1.000,1.000,1.000,1.000,0.000,1
182,0.000,0.857,0.857,0.857,0.000,1
183,0.000,0.423,0.423,0.423,0.000,1
184,0.000,0.000,0.000,0.000,0.000,1
185,0.000,0.000,0.000,0.000,0.000,1
186,0.000,0.000,0.000,0.000,0.000,1
187,0.000,0.000,0.000,0.000,0.000,1
188,0.000,0.000,0.000,0.000,0.000,1
189,0.000,0.000,0.000,0.000,0.000,1
190,0.000,0.000,0.000,0.000,0.000,1
191,0.000,0.000,0.000,0.000,0.000,1
192,0.000,0.000,0.000,0.000,0.000,1
193,0.000,0.000,0.000,0.000,0.000,1
194,0.000,0.000,0.000,0.000,0.000,1
195,0.000,0.000,0.000,0.000,0.000,1
196,0.000,0.000,0.000,0.000,0.000,1
197,0.000,0.000,0.000,0.000,0.000,1
198,0.000,0.000,0.000,0.000,0.000,1
199,0.000,0.000,0.000,0.000,0.000,1
200,0.000,0.000,0.000,0.000,0.000,1
201,0.000,0.000,0.000,0.000,0.000,1
202,0.000,0.000,0.000,0.000,0.000,1
203,0.000,0.000,0.000,0.000,0.000,1
204,0.000,0.000,0.000,0.000,0.000,1
205,0.000,0.000,0.000,0.000,0.000,1
206,0.000,0.000,0.000,0.000,0.000,1
207,0.000,0.000,0.000,0.000,0.000,1
208,0.000,0.000,0.000,0.000,0.000,1
209,0.000,0.000,0.000,0.000,0.000,1
210,0.000,0.000,0.000,0.000,0.000,1
211,0.000,0.000,0.000,0.000,0.000,1
212,0.000,0.000,0.000,0.000,0.000,1
213,0.000,0.000,0.000,0.000,0.000,1
214,0.000,0.000,0.000,0.000,0.000,1
215,0.000,0.000,0.000,0.000,0.000,1
216,0.000,0.000,0.000,0.000,0.000,1
217,0.000,0.000,0.000,0.000,0.000,1
218,0.000,0.000,0.000,0.000,0.000,1
219,0.000,0.000,0.000,0.000,0.000,1
220,0.000,0.000,0.000,0.000,0.000,1
221,0.000,0.000,0.000,0.000,0.000,1
222,0.000,0.000,0.000,0.000,0.000,1
223,0.000,0.000,0.000,0.000,0.000,1
224,0.000,0.000,0.000,0.000,0.000,1
225,0.000,0.000,0.000,0.000,0.000,1
226,0.000,0.000,0.000,0.000,0.000,1
227,0.000,0.000,0.000,0.000,0.000,1
228,0.000,0.000,0.000,0.000,0.000,1
229,0.000,0.000,0.000,0.000,0.000,1
230,0.000,0.000,0.000,0.000,0.000,1
231,0.000,0.000,0.000,0.000,0.000,1
232,0.000,0.000,0.000,0.000,0.000,1
233,0.000,0.000,0.000,0.000,0.000,1
234,0.000,0.000,0.000,0.000,0.000,1
235,0.000,0.000,0.000,0.000,0.000,1
236,0.000,0.000,0.000,0.000,0.000,1
237,0.000,0.000,0.000,0.000,0.000,1
238,0.000,0.000,0.000,0.000,0.000,1
239,0.000,0.000,0.000,0.000,0.000,1
240,0.000,0.000,0.000,0.000,0.000,1
241,0.000,0.000,0.000,0.000,0.000,1
242,0.000,0.000,0.000,0.000,0.000,1
243,0.000,0.000,0.000,0.000,0.000,1
244,0.000,0.000,0.000,0.000,0.000,1
245,0.000,0.000,0.000,0.000,0.000,1
246,0.000,0.000,0.000,0.000,0.000,1
247,0.000,0.000,0.000,0.000,0.000,1
248,0.000,0.000,0.000,0.000,0.000,1
249,0.000,0.000,0.000,0.000,0.000,1
250,0.000,0.000,0.000,0.000,0.000,1
251,0.000,0.000,0.000,0.000,0.000,1
252,0.000,0.000,0.000,0.000,0.000,1
253,0.000,0.000,0.000,0.000,0.000,1
254,0.000,0.000,0.000,0.000,0.000,1
255,0.000,0.000,0.000,0.000,0.000,1
256,0.000,0.000,0.000,0.000,0.000,1
257,0.000,0.000,0.000,0.000,0.000,1
258,0.000,0.000,0.000,0.000,0.000,1
259,0.000,0.000,0.000,0.000,0.000,1
260,0.000,0.000,0.000,0.000,0.000,1
261,0.000,0.000,0.000,0.000,0.000,1
262,0.000,0.000,0.000,0.000,0.000,1
263,0.000,0.000,0.000,0.000,0.000,1
264,0.000,0.000,0.000,0.000,0.000,1
265,0.000,0.000,0.000,0.000,0.000,1
266,0.000,0.000,0.000,0.000,0.000,1
267,0.000,0.000,0.000,0.000,0.000,1
268,0.000,0.000,0.000,0.000,0.000,1
269,0.000,0.000,0.000,0.000,0.000,1
270,0.000,0.000,0.000,0.000,0.000,1
271,0.000,0.000,0.000,0.000,0.000,1
272,0.000,0.000,0.000,0.000,0.000,1
273,0.000,0.000,0.000,0.000,0.000,1
274,0.000,0.000,0.000,0.000,0.000,1
275,0.000,0.000,0.000,0.000,0.000,1
276,0.000,0.000,0.000,0.000,0.000,1
277,0.000,0.000,0.000,0.000,0.000,1
278,0.000,0.000,0.000,0.000,0.000,1
279,0.000,0.000,0.000,0.000,0.000,1
280,0.000,0.000,0.000,0.000,0.000,1
281,0.000,0.000,0.000,0.000,0.000,1
282,0.000,0.000,0.000,0.000,0.000,1
283,0.000,0.000,0.000,0.000,0.000,1
284,0.000,0.000,0.000,0.000,0.000,1
285,0.000,0.000,0.000,0.000,0.000,1
286,0.000,0.000,0.000,0.000,0.000,1
287,0.000,0.000,0.000,0.000,0.000,1
288,0.000,0.000,0.000,0.000,0.000,1
289,0.000,0.000,0.000,0.000,0.000,1
290,0.000,0.000,0.000,0.000,0.000,1
291,0.000,0.000,0.000,0.000,0.000,1
292,0.000,0.000,0.000,0.000,0.000,1
293,0.000,0.000,0.000,0.000,0.000,1
294,0.000,0.000,0.000,0.000,0.000,1
295,0.000,0.000,0.000,0.000,0.000,1
296,0.000,0.000,0.000,0.000,0.000,1
297,0.000,0.000,0.000,0.000,0.000,1
298,0.000,0.000,0.000,0.000,0.000,1
299,0.000,0.000,0.000,0.000,0.000,1
300,0.000,0.000,0.000,0.000,0.000,1
301,0.000,0.000,0.000,0.000,0.000,1
302,0.000,0.000,0.000,0.000,0.000,1
303,0.000,0.000,0.000,0.000,0.000,1
304,0.000,0.000,0.000,0.000,0.000,1
305,0.000,0.000,0.000,0.000,0.000,1
306,0.000,0.000,0.000,0.000,0.000,1
307,0.000,0.000,0.000,0.000,0.000,1
308,0.000,0.000,0.000,0.000,0.000,1
309,0.000,0.000,0.000,0.000,0.000,1
310,0.000,0.000,0.000,0.000,0.000,1
311,0.000,0.000,0.000,0.000,0.000,1
312,0.000,0.000,0.000,0.000,0.000,1
313,0.000,0.000,0.000,0.000,0.000,1
314,0.000,0.000,0.000,0.000,0.000,1
315,0.000,0.000,0.000,0.000,0.000,1
316,0.000,0.000,0.000,0.000,0.000,1
317,0.000,0.000,0.000,0.000,0.000,1
318,0.000,0.000,0.000,0.000,0.000,1
319,0.000,0.000,0.000,0.000,0.000,1
320,0.000,0.000,0.000,0.000,0.000,1
321,0.000,0.000,0.000,0.000,0.000,1
322,0.000,0.000,0.000,0.000,0.000,1
323,0.000,0.000,0.000,0.000,0.000,1
324,0.000,0.000,0.000,0.000,0.000,1
325,0.000,0.000,0.000,0.000,0.000,1
326,0.000,0.000,0.000,0.000,0.800,1
327,0.000,0.000,0.000,0.000,0.800,1
328,1.000,0.000,0.000,0.000,0.651,1
329,1.000,0.000,0.000,0.000,0.652,1
330,1.000,0.000,0.000,0.000,0.478,1
331,1.000,0.000,0.000,0.000,0.302,1
332,1.000,0.000,0.000,0.000,0.123,1
333,1.000,0.158,0.158,0.158,0.000,1
334,1.000,0.480,0.480,0.480,0.000,1
335,1.000,0.805,0.805,0.805,0.000,1
336,1.000,1.000,1.000,1.000,0.000,1
337,1.000,1.000,1.000,1.000,0.000,1
338,1.000,1.000,1.000,1.000,0.000,1
339,0.000,0.782,0.782,0.782,0.000,1
340,0.000,0.403,0.403,0.403,0.000,1
341,0.000,0.000,0.000,0.000,0.000,1
342,0.000,0.000,0.000,0.000,0.000,1
343,0.000,0.000,0.000,0.000,0.000,1
344,0.000,0.000,0.000,0.000,0.000,1
345,1.000,0.055,0.055,0.055,0.000,1
346,1.000,0.372,0.372,0.372,0.000,1
347,1.000,0.707,0.707,0.707,0.000,1
348,1.000,0.977,0.977,0.977,0.000,1
349,1.000,1.000,1.000,1.000,0.000,1
350,1.000,1.000,1.000,1.000,0.000,1
351,0.000,0.925,0.925,0.925,0.000,1
352,0.000,0.489,0.489,0.489,0.000,1
353,0.000,0.048,0.048,0.048,0.000,1
354,0.000,0.000,0.000,0.000,0.000,1
355,0.000,0.000,0.000,0.000,0.000,1
356,0.000,0.000,0.000,0.000,0.000,1
357,0.000,0.000,0.000,0.000,0.000,1
358,0.000,0.000,0.000,0.000,0.000,1
359,0.000,0.000,0.000,0.000,0.000,1
360,0.000,0.000,0.000,0.000,0.000,1
361,0.000,0.000,0.000,0.000,0.000,1
362,0.000,0.000,0.000,0.000,0.000,1
363,0.000,0.000,0.000,0.000,0.000,1
364,0.000,0.000,0.000,0.000,0.000,1
365,0.000,0.000,0.000,0.000,0.000,1
366,0.000,0.000,0.000,0.000,0.000,1
367,0.000,0.000,0.000,0.000,0.000,1
368,0.000,0.000,0.000,0.000,0.000,1
369,0.000,0.000,0.000,0.000,0.000,1
370,0.000,0.000,0.000,0.000,0.000,1
371,0.000,0.000,0.000,0.000,0.000,1
372,0.000,0.000,0.000,0.000,0.000,1
373,0.000,0.000,0.000,0.000,0.000,1
374,0.000,0.000,0.000,0.000,0.000,1
375,0.000,0.000,0.000,0.000,0.000,1
376,0.000,0.000,0.000,0.000,0.000,1
377,0.000,0.000,0.000,0.000,0.000,1
378,0.000,0.000,0.000,0.000,0.000,1
379,0.000,0.000,0.000,0.000,0.000,1
380,0.000,0.000,0.000,0.000,0.000,1
381,0.000,0.000,0.000,0.000,0.000,1
382,0.000,0.000,0.000,0.000,0.000,1
383,0.000,0.000,0.000,0.000,0.000,1
384,0.000,0.000,0.000,0.000,0.000,1
385,0.000,0.000,0.000,0.000,0.000,1
386,0.000,0.000,0.000,0.000,0.000,1
387,0.000,0.000,0.000,0.000,0.000,1
388,0.000,0.000,0.000,0.000,0.000,1
389,0.000,0.000,0.000,0.000,0.000,1
390,0.000,0.000,0.000,0.000,0.000,1
391,0.000,0.000,0.000,0.000,0.000,1
392,0.000,0.000,0.000,0.000,0.000,1
393,0.000,0.000,0.000,0.000,0.000,1
394,0.000,0.000,0.000,0.000,0.000,1
395,0.000,0.000,0.000,0.000,0.000,1
396,0.000,0.000,0.000,0.000,0.000,1
397,0.000,0.000,0.000,0.000,0.000,1
398,0.000,0.000,0.000,0.000,0.000,1
399,0.000,0.000,0.000,0.000,0.000,1
400,0.000,0.000,0.000,0.000,0.000,1
401,0.000,0.000,0.000,0.000,0.000,1
402,0.000,0.000,0.000,0.000,0.000,1
403,0.000,0.000,0.000,0.000,0.000,1
404,0.000,0.000,0.000,0.000,0.000,1
405,0.000,0.000,0.000,0.000,0.000,1
406,0.000,0.000,0.000,0.000,0.000,1
407,0.000,0.000,0.000,0.000,0.000,1
408,0.000,0.000,0.000,0.000,0.000,1
409,0.000,0.000,0.000,0.000,0.000,1
410,0.000,0.000,0.000,0.000,0.000,1
411,0.000,0.000,0.000,0.000,0.000,1
412,0.000,0.000,0.000,0.000,0.000,1
413,0.000,0.000,0.000,0.000,0.000,1
414,0.000,0.000,0.000,0.000,0.000,1
415,0.000,0.000,0.000,0.000,0.000,1
416,0.000,0.000,0.000,0.000,0.000,1
417,0.000,0.000,0.000,0.000,0.000,1
418,0.000,0.000,0.000,0.000,0.000,1
419,0.000,0.000,0.000,0.000,0.000,1
420,0.000,0.000,0.000,0.000,0.800,1
421,0.000,0.000,0.000,0.000,0.670,1
422,1.000,0.000,0.000,0.000,0.508,1
423,1.000,0.000,0.000,0.000,0.350,1
424,1.000,0.000,0.000,0.000,0.188,1
425,1.000,0.057,0.057,0.057,0.027,1
426,1.000,0.346,0.346,0.346,0.000,1
427,1.000,0.639,0.639,0.639,0.000,1
428,1.000,0.929,0.929,0.929,0.000,1
429,1.000,1.000,1.000,1.000,0.000,1
430,1.000,1.000,1.000,1.000,0.000,1
431,1.000,1.000,1.000,1.000,0.000,1
432,1.000,1.000,1.000,1.000,0.000,1
433,1.000,1.000,1.000,1.000,0.000,1
434,1.000,1.000,1.000,1.000,0.000,1
435,0.000,1.000,1.000,1.000,0.000,1
436,0.000,0.599,0.599,0.599,0.000,1
437,0.000,0.208,0.208,0.208,0.000,1
438,0.000,0.000,0.000,0.000,0.000,1
439,0.000,0.000,0.000,0.000,0.000,1
440,0.000,0.000,0.000,0.000,0.000,1
441,0.000,0.000,0.000,0.000,0.000,1
442,0.000,0.000,0.000,0.000,0.000,1
443,0.000,0.000,0.000,0.000,0.000,1
444,1.000,0.224,0.224,0.224,0.000,1
445,1.000,0.516,0.516,0.516,0.000,1
446,1.000,0.797,0.797,0.797,0.000,1
447,1.000,1.000,1.000,1.000,0.000,1
448,1.000,1.000,1.000,1.000,0.000,1
449,0.000,0.765,0.765,0.765,0.000,1
450,0.000,0.376,0.376,0.376,0.000,1
451,0.000,0.000,0.000,0.000,0.000,1
452,0.000,0.000,0.000,0.000,0.000,1
453,0.000,0.000,0.000,0.000,0.000,1
454,0.000,0.000,0.000,0.000,0.000,1
455,0.000,0.000,0.000,0.000,0.000,1
456,0.000,0.000,0.000,0.000,0.000,1
457,0.000,0.000,0.000,0.000,0.000,1
458,1.000,0.115,0.115,0.115,0.000,1
459,1.000,0.402,0.402,0.402,0.000,1
460,1.000,0.683,0.683,0.683,0.000,1
461,1.000,0.966,0.966,0.966,0.000,1
462,1.000,1.000,1.000,1.000,0.000,1
463,1.000,1.000,1.000,1.000,0.000,1
464,1.000,1.000,1.000,1.000,0.000,1
465,1.000,1.000,1.000,1.000,0.000,1
466,1.000,1.000,1.000,1.000,0.000,1
467,1.000,1.000,1.000,1.000,0.000,1
468,0.000,0.842,0.842,0.842,0.000,1
469,0.000,0.454,0.454,0.454,0.000,1
470,0.000,0.054,0.054,0.054,0.000,1
471,0.000,0.000,0.000,0.000,0.000,1
472,0.000,0.000,0.000,0.000,0.800,1
473,1.000,0.000,0.000,0.000,0.738,1
474,1.000,0.000,0.000,0.000,0.584,1
475,1.000,0.000,0.000,0.000,0.427,1
476,1.000,0.000,0.000,0.000,0.276,1
477,1.000,0.000,0.000,0.000,0.118,1
478,1.000,0.169,0.169,0.169,0.000,1
479,1.000,0.453,0.453,0.453,0.000,1
480,1.000,0.731,0.731,0.731,0.000,1
481,1.000,1.000,1.000,1.000,0.000,1
482,1.000,1.000,1.000,1.000,0.000,1
483,1.000,1.000,1.000,1.000,0.000,1
484,1.000,1.000,1.000,1.000,0.000,1
485,1.000,1.000,1.000,1.000,0.000,1
486,1.000,1.000,1.000,1.000,0.000,1
487,0.000,0.924,0.924,0.924,0.000,1
488,0.000,0.541,0.541,0.541,0.000,1
489,0.000,0.147,0.147,0.147,0.000,1
490,0.000,0.000,0.000,0.000,0.000,1
491,0.000,0.000,0.000,0.000,0.000,1
492,0.000,0.000,0.000,0.000,0.000,1
493,0.000,0.000,0.000,0.000,0.000,1
494,0.000,0.000,0.000,0.000,0.000,1
495,0.000,0.000,0.000,0.000,0.000,1
496,0.000,0.000,0.000,0.000,0.000,1
497,0.000,0.000,0.000,0.000,0.000,1
498,0.000,0.000,0.000,0.000,0.000,1
499,0.000,0.000,0.000,0.000,0.000,1
500,0.000,0.000,0.000,0.000,0.000,1
501,0.000,0.000,0.000,0.000,0.000,1
502,0.000,0.000,0.000,0.000,0.000,1
503,0.000,0.000,0.000,0.000,0.000,1
504,0.000,0.000,0.000,0.000,0.000,1
505,0.000,0.000,0.000,0.000,0.000,1
506,0.000,0.000,0.000,0.000,0.000,1
507,0.000,0.000,0.000,0.000,0.000,1
508,0.000,0.000,0.000,0.000,0.000,1
509,0.000,0.000,0.000,0.000,0.000,1
510,0.000,0.000,0.000,0.000,0.000,1
511,0.000,0.000,0.000,0.000,0.000,1
512,0.000,0.000,0.000,0.000,0.000,1
513,0.000,0.000,0.000,0.000,0.000,1
514,0.000,0.000,0.000,0.000,0.000,1
515,0.000,0.000,0.000,0.000,0.000,1
516,0.000,0.000,0.000,0.000,0.000,1
517,0.000,0.000,0.000,0.000,0.000,1
518,0.000,0.000,0.000,0.000,0.000,1
519,0.000,0.000,0.000,0.000,0.000,1
520,0.000,0.000,0.000,0.000,0.000,1
521,0.000,0.000,0.000,0.000,0.000,1
522,0.000,0.000,0.000,0.000,0.000,1
523,0.000,0.000,0.000,0.000,0.000,1
524,0.000,0.000,0.000,0.000,0.000,1
525,0.000,0.000,0.000,0.000,0.000,1
526,0.000,0.000,0.000,0.000,0.000,1
527,0.000,0.000,0.000,0.000,0.000,1
528,0.000,0.000,0.000,0.000,0.000,1
529,0.000,0.000,0.000,0.000,0.000,1
530,0.000,0.000,0.000,0.000,0.000,1
531,0.000,0.000,0.000,0.000,0.000,1
532,0.000,0.000,0.000,0.000,0.000,1
533,0.000,0.000,0.000,0.000,0.000,1
534,0.000,0.000,0.000,0.000,0.000,1
535,0.000,0.000,0.000,0.000,0.000,1
536,0.000,0.000,0.000,0.000,0.000,1
537,0.000,0.000,0.000,0.000,0.000,1
538,0.000,0.000,0.000,0.000,0.000,1
539,0.000,0.000,0.000,0.000,0.000,1
540,0.000,0.000,0.000,0.000,0.000,1
541,0.000,0.000,0.000,0.000,0.000,1
542,0.000,0.000,0.000,0.000,0.000,1
543,0.000,0.000,0.000,0.000,0.000,1
544,0.000,0.000,0.000,0.000,0.000,1
545,0.000,0.000,0.000,0.000,0.000,1
546,0.000,0.000,0.000,0.000,0.000,1
547,0.000,0.000,0.000,0.000,0.000,1
548,0.000,0.000,0.000,0.000,0.000,1
549,0.000,0.000,0.000,0.000,0.000,1
550,0.000,0.000,0.000,0.000,0.000,1
551,0.000,0.000,0.000,0.000,0.000,1
552,0.000,0.000,0.000,0.000,0.000,1
553,0.000,0.000,0.000,0.000,0.000,1
554,0.000,0.000,0.000,0.000,0.000,1
555,0.000,0.000,0.000,0.000,0.000,1
556,0.000,0.000,0.000,0.000,0.000,1
557,0.000,0.000,0.000,0.000,0.000,1
558,0.000,0.000,0.000,0.000,0.000,1
559,0.000,0.000,0.000,0.000,0.000,1
560,0.000,0.000,0.000,0.000,0.000,1
561,0.000,0.000,0.000,0.000,0.000,1
562,0.000,0.000,0.000,0.000,0.000,1
563,0.000,0.000,0.000,0.000,0.000,1
564,0.000,0.000,0.000,0.000,0.000,1
565,0.000,0.000,0.000,0.000,0.000,1
566,0.000,0.000,0.000,0.000,0.000,1
567,0.000,0.000,0.000,0.000,0.000,1
568,0.000,0.000,0.000,0.000,0.000,1
569,0.000,0.000,0.000,0.000,0.000,1
570,0.000,0.000,0.000,0.000,0.000,1
571,0.000,0.000,0.000,0.000,0.000,1
572,0.000,0.000,0.000,0.000,0.000,1
573,0.000,0.000,0.000,0.000,0.000,1
574,0.000,0.000,0.000,0.000,0.000,1
575,0.000,0.000,0.000,0.000,0.000,1
576,0.000,0.000,0.000,0.000,0.000,1
577,0.000,0.000,0.000,0.000,0.000,1
578,0.000,0.000,0.000,0.000,0.000,1
579,0.000,0.000,0.000,0.000,0.000,1
580,0.000,0.000,0.000,0.000,0.000,1
581,0.000,0.000,0.000,0.000,0.000,1
582,0.000,0.000,0.000,0.000,0.000,1
583,0.000,0.000,0.000,0.000,0.000,1
584,0.000,0.000,0.000,0.000,0.000,1
585,0.000,0.000,0.000,0.000,0.000,1
586,0.000,0.000,0.000,0.000,0.000,1
587,0.000,0.000,0.000,0.000,0.000,1
588,0.000,0.000,0.000,0.000,0.000,1
589,0.000,0.000,0.000,0.000,0.000,1
590,0.000,0.000,0.000,0.000,0.000,1
591,0.000,0.000,0.000,0.000,0.000,1
592,0.000,0.000,0.000,0.000,0.000,1
593,0.000,0.000,0.000,0.000,0.000,1
594,0.000,0.000,0.000,0.000,0.000,1
595,0.000,0.000,0.000,0.000,0.000,1
596,0.000,0.000,0.000,0.000,0.000,1
597,0.000,0.000,0.000,0.000,0.000,1
598,0.000,0.000,0.000,0.000,0.000,1
599,0.000,0.000,0.000,0.000,0.000,1
600,0.000,0.000,0.000,0.000,0.000,1
601,0.000,0.000,0.000,0.000,0.000,1
602,0.000,0.000,0.000,0.000,0.000,1
603,0.000,0.000,0.000,0.000,0.000,1
604,0.000,0.000,0.000,0.000,0.000,1
605,0.000,0.000,0.000,0.000,0.000,1
606,0.000,0.000,0.000,0.000,0.000,1
607,0.000,0.000,0.000,0.000,0.000,1
608,0.000,0.000,0.000,0.000,0.000,1
609,0.000,0.000,0.000,0.000,0.000,1
610,0.000,0.000,0.000,0.000,0.000,1
611,0.000,0.000,0.000,0.000,0.000,1
612,0.000,0.000,0.000,0.000,0.000,1
613,0.000,0.000,0.000,0.000,0.000,1
614,0.000,0.000,0.000,0.000,0.000,1
615,0.000,0.000,0.000,0.000,0.000,1
616,0.000,0.000,0.000,0.000,0.000,1
617,0.000,0.000,0.000,0.000,0.000,1
618,0.000,0.000,0.000,0.000,0.000,1
619,0.000,0.000,0.000,0.000,0.000,1
620,0.000,0.000,0.000,0.000,0.000,1
621,0.000,0.000,0.000,0.000,0.000,1
622,0.000,0.000,0.000,0.000,0.000,1
623,0.000,0.000,0.000,0.000,0.000,1
624,0.000,0.000,0.000,0.000,0.000,1
625,0.000,0.000,0.000,0.000,0.000,1
626,0.000,0.000,0.000,0.000,0.000,1
627,0.000,0.000,0.000,0.000,0.000,1
628,0.000,0.000,0.000,0.000,0.000,1
629,0.000,0.000,0.000,0.000,0.000,1
630,0.000,0.000,0.000,0.000,0.000,1
631,0.000,0.000,0.000,0.000,0.000,1
632,0.000,0.000,0.000,0.000,0.000,1
633,0.000,0.000,0.000,0.000,0.000,1
634,0.000,0.000,0.000,0.000,0.000,1
635,0.000,0.000,0.000,0.000,0.000,1
636,0.000,0.000,0.000,0.000,0.000,1
637,0.000,0.000,0.000,0.000,0.000,1
638,0.000,0.000,0.000,0.000,0.000,1
639,0.000,0.000,0.000,0.000,0.000,1
640,0.000,0.000,0.000,0.000,0.000,1
641,0.000,0.000,0.000,0.000,0.000,1
642,0.000,0.000,0.000,0.000,0.000,1
643,0.000,0.000,0.000,0.000,0.000,1
644,0.000,0.000,0.000,0.000,0.000,1
645,0.000,0.000,0.000,0.000,0.000,1
646,0.000,0.000,0.000,0.000,0.000,1
647,0.000,0.000,0.000,0.000,0.000,1
648,0.000,0.000,0.000,0.000,0.000,1
649,0.000,0.000,0.000,0.000,0.000,1
650,0.000,0.000,0.000,0.000,0.000,1
651,0.000,0.000,0.000,0.000,0.000,1
652,0.000,0.000,0.000,0.000,0.000,1
653,0.000,0.000,0.000,0.000,0.000,1
654,0.000,0.000,0.000,0.000,0.000,1
655,0.000,0.000,0.000,0.000,0.000,1
656,0.000,0.000,0.000,0.000,0.000,1
657,0.000,0.000,0.000,0.000,0.000,1
658,0.000,0.000,0.000,0.000,0.000,1
659,0.000,0.000,0.000,0.000,0.000,1
660,0.000,0.000,0.000,0.000,0.000,1
661,0.000,0.000,0.000,0.000,0.000,1
662,0.000,0.000,0.000,0.000,0.000,1
663,0.000,0.000,0.000,0.000,0.000,1
664,0.000,0.000,0.000,0.000,0.000,1
665,0.000,0.000,0.000,0.000,0.000,1
666,0.000,0.000,0.000,0.000,0.000,1
667,0.000,0.000,0.000,0.000,0.000,1
668,0.000,0.000,0.000,0.000,0.000,1
669,0.000,0.000,0.000,0.000,0.000,1
670,0.000,0.000,0.000,0.000,0.000,1
671,0.000,0.000,0.000,0.000,0.000,1
672,0.000,0.000,0.000,0.000,0.000,1
673,0.000,0.000,0.000,0.000,0.000,1
674,0.000,0.000,0.000,0.000,0.000,1
675,0.000,0.000,0.000,0.000,0.000,1
676,0.000,0.000,0.000,0.000,0.000,1
677,0.000,0.000,0.000,0.000,0.000,1
678,0.000,0.000,0.000,0.000,0.000,1
679,0.000,0.000,0.000,0.000,0.000,1
680,0.000,0.000,0.000,0.000,0.000,1
681,0.000,0.000,0.000,0.000,0.000,1
682,0.000,0.000,0.000,0.000,0.000,1
683,0.000,0.000,0.000,0.000,0.000,1
684,0.000,0.000,0.000,0.000,0.000,1
685,0.000,0.000,0.000,0.000,0.000,1
686,0.000,0.000,0.000,0.000,0.000,1
687,0.000,0.000,0.000,0.000,0.000,1
688,0.000,0.000,0.000,0.000,0.000,1
689,0.000,0.000,0.000,0.000,0.000,1
690,0.000,0.000,0.000,0.000,0.000,1
691,0.000,0.000,0.000,0.000,0.000,1
692,0.000,0.000,0.000,0.000,0.000,1
693,0.000,0.000,0.000,0.000,0.000,1
694,0.000,0.000,0.000,0.000,0.000,1
695,0.000,0.000,0.000,0.000,0.000,1
696,0.000,0.000,0.000,0.000,0.000,1
697,0.000,0.000,0.000,0.000,0.000,1
698,0.000,0.000,0.000,0.000,0.000,1
699,0.000,0.000,0.000,0.000,0.000,1
700,0.000,0.000,0.000,0.000,0.000,1
701,0.000,0.000,0.000,0.000,0.000,1
702,0.000,0.000,0.000,0.000,0.000,1
703,0.000,0.000,0.000,0.000,0.000,1
704,0.000,0.000,0.000,0.000,0.000,1
705,0.000,0.000,0.000,0.000,0.000,1
706,0.000,0.000,0.000,0.000,0.000,1
707,0.000,0.000,0.000,0.000,0.000,1
708,0.000,0.000,0.000,0.000,0.000,1
709,0.000,0.000,0.000,0.000,0.000,1
710,0.000,0.000,0.000,0.000,0.000,1
711,0.000,0.000,0.000,0.000,0.000,1
712,0.000,0.000,0.000,0.000,0.000,1
713,0.000,0.000,0.000,0.000,0.000,1
714,0.000,0.000,0.000,0.000,0.000,1
715,0.000,0.000,0.000,0.000,0.000,1
716,0.000,0.000,0.000,0.000,0.000,1
717,0.000,0.000,0.000,0.000,0.000,1
718,0.000,0.000,0.000,0.000,0.000,1
719,0.000,0.000,0.000,0.000,0.000,1
720,0.000,0.000,0.000,0.000,0.000,1
721,0.000,0.000,0.000,0.000,0.000,1
722,0.000,0.000,0.000,0.000,0.000,1
723,0.000,0.000,0.000,0.000,0.000,1
724,0.000,0.000,0.000,0.000,0.000,1
725,0.000,0.000,0.000,0.000,0.000,1
726,0.000,0.000,0.000,0.000,0.000,1
727,0.000,0.000,0.000,0.000,0.000,1
728,0.000,0.000,0.000,0.000,0.000,1
729,0.000,0.000,0.000,0.000,0.000,1
730,0.000,0.000,0.000,0.000,0.000,1
731,0.000,0.000,0.000,0.000,0.000,1
732,0.000,0.000,0.000,0.000,0.000,1
733,0.000,0.000,0.000,0.000,0.000,1
734,0.000,0.000,0.000,0.000,0.000,1
735,0.000,0.000,0.000,0.000,0.000,1
736,0.000,0.000,0.000,0.000,0.000,1
737,0.000,0.000,0.000,0.000,0.000,1
738,0.000,0.000,0.000,0.000,0.000,1
739,0.000,0.000,0.000,0.000,0.000,1
740,0.000,0.000,0.000,0.000,0.000,1
741,0.000,0.000,0.000,0.000,0.000,1
742,0.000,0.000,0.000,0.000,0.000,1
743,0.000,0.000,0.000,0.000,0.000,1
744,0.000,0.000,0.000,0.000,0.000,1
745,0.000,0.000,0.000,0.000,0.000,1
746,0.000,0.000,0.000,0.000,0.000,1
747,0.000,0.000,0.000,0.000,0.000,1
748,0.000,0.000,0.000,0.000,0.000,1
749,0.000,0.000,0.000,0.000,0.000,1
750,0.000,0.000,0.000,0.000,0.000,1
751,0.000,0.000,0.000,0.000,0.000,1
752,0.000,0.000,0.000,0.000,0.000,1
753,0.000,0.000,0.000,0.000,0.000,1
754,0.000,0.000,0.000,0.000,0.000,1
755,0.000,0.000,0.000,0.000,0.000,1
756,0.000,0.000,0.000,0.000,0.000,1
757,0.000,0.000,0.000,0.000,0.000,1
758,0.000,0.000,0.000,0.000,0.000,1
759,0.000,0.000,0.000,0.000,0.000,1
760,0.000,0.000,0.000,0.000,0.000,1
761,0.000,0.000,0.000,0.000,0.000,1
762,0.000,0.000,0.000,0.000,0.000,1
763,0.000,0.000,0.000,0.000,0.000,1
764,0.000,0.000,0.000,0.000,0.000,1
765,0.000,0.000,0.000,0.000,0.000,1
766,0.000,0.000,0.000,0.000,0.000,1
767,0.000,0.000,0.000,0.000,0.000,1
768,0.000,0.000,0.000,0.000,0.000,1
769,0.000,0.000,0.000,0.000,0.000,1
770,0.000,0.000,0.000,0.000,0.000,1
771,0.000,0.000,0.000,0.000,0.000,1
772,0.000,0.000,0.000,0.000,0.000,1
773,0.000,0.000,0.000,0.000,0.000,1
774,0.000,0.000,0.000,0.000,0.000,1
775,0.000,0.000,0.000,0.000,0.000,1
776,0.000,0.000,0.000,0.000,0.000,1
777,0.000,0.000,0.000,0.000,0.000,1
778,0.000,0.000,0.000,0.000,0.000,1
779,0.000,0.000,0.000,0.000,0.000,1
780,0.000,0.000,0.000,0.000,0.000,1
781,0.000,0.000,0.000,0.000,0.000,1
782,0.000,0.000,0.000,0.000,0.000,1
783,0.000,0.000,0.000,0.000,0.000,1
784,0.000,0.000,0.000,0.000,0.000,1
785,0.000,0.000,0.000,0.000,0.000,1
786,0.000,0.000,0.000,0.000,0.000,1
787,0.000,0.000,0.000,0.000,0.000,1
788,0.000,0.000,0.000,0.000,0.000,1
789,0.000,0.000,0.000,0.000,0.000,1
790,0.000,0.000,0.000,0.000,0.000,1
791,0.000,0.000,0.000,0.000,0.000,1
792,0.000,0.000,0.000,0.000,0.000,1
793,0.000,0.000,0.000,0.000,0.000,1
794,0.000,0.000,0.000,0.000,0.000,1
795,0.000,0.000,0.000,0.000,0.000,1
796,0.000,0.000,0.000,0.000,0.000,1
797,0.000,0.000,0.000,0.000,0.000,1
798,0.000,0.000,0.000,0.000,0.000,1
799,0.000,0.000,0.000,0.000,0.000,1
800,0.000,0.000,0.000,0.000,0.000,1
801,0.000,0.000,0.000,0.000,0.000,1
802,0.000,0.000,0.000,0.000,0.000,1
803,0.000,0.000,0.000,0.000,0.000,1
804,0.000,0.000,0.000,0.000,0.000,1
805,0.000,0.000,0.000,0.000,0.000,1
806,0.000,0.000,0.000,0.000,0.000,1
807,0.000,0.000,0.000,0.000,0.000,1
808,0.000,0.000,0.000,0.000,0.000,1
809,0.000,0.000,0.000,0.000,0.000,1
810,0.000,0.000,0.000,0.000,0.000,1
811,0.000,0.000,0.000,0.000,0.000,1
812,0.000,0.000,0.000,0.000,0.000,1
813,0.000,0.000,0.000,0.000,0.000,1
814,0.000,0.000,0.000,0.000,0.000,1
815,0.000,0.000,0.000,0.000,0.000,1
816,0.000,0.000,0.000,0.000,0.000,1
817,0.000,0.000,0.000,0.000,0.000,1
818,0.000,0.000,0.000,0.000,0.000,1
819,0.000,0.000,0.000,0.000,0.000,1
820,0.000,0.000,0.000,0.000,0.000,1
821,0.000,0.000,0.000,0.000,0.000,1
822,0.000,0.000,0.000,0.000,0.000,1
823,0.000,0.000,0.000,0.000,0.000,1
824,0.000,0.000,0.000,0.000,0.000,1
825,0.000,0.000,0.000,0.000,0.000,1
826,0.000,0.000,0.000,0.000,0.000,1
827,0.000,0.000,0.000,0.000,0.000,1
828,0.000,0.000,0.000,0.000,0.000,1
829,0.000,0.000,0.000,0.000,0.000,1
830,0.000,0.000,0.000,0.000,0.000,1
831,0.000,0.000,0.000,0.000,0.000,1
832,0.000,0.000,0.000,0.000,0.000,1
833,0.000,0.000,0.000,0.000,0.000,1
834,0.000,0.000,0.000,0.000,0.000,1
835,0.000,0.000,0.000,0.000,0.000,1
836,0.000,0.000,0.000,0.000,0.000,1
837,0.000,0.000,0.000,0.000,0.000,1
838,0.000,0.000,0.000,0.000,0.000,1
839,0.000,0.000,0.000,0.000,0.000,1
840,0.000,0.000,0.000,0.000,0.000,1
841,0.000,0.000,0.000,0.000,0.000,1
842,0.000,0.000,0.000,0.000,0.000,1
843,0.000,0.000,0.000,0.000,0.000,1
844,0.000,0.000,0.000,0.000,0.000,1
845,0.000,0.000,0.000,0.000,0.000,1
846,0.000,0.000,0.000,0.000,0.000,1
847,0.000,0.000,0.000,0.000,0.000,1
848,0.000,0.000,0.000,0.000,0.000,1
849,0.000,0.000,0.000,0.000,0.000,1
850,0.000,0.000,0.000,0.000,0.000,1
851,0.000,0.000,0.000,0.000,0.000,1
852,0.000,0.000,0.000,0.000,0.000,1
853,0.000,0.000,0.000,0.000,0.000,1
854,0.000,0.000,0.000,0.000,0.000,1
855,0.000,0.000,0.000,0.000,0.000,1
856,0.000,0.000,0.000,0.000,0.000,1
857,0.000,0.000,0.000,0.000,0.000,1
858,0.000,0.000,0.000,0.000,0.000,1
859,0.000,0.000,0.000,0.000,0.000,1
860,0.000,0.000,0.000,0.000,0.000,1
861,0.000,0.000,0.000,0.000,0.000,1
862,0.000,0.000,0.000,0.000,0.000,1
863,0.000,0.000,0.000,0.000,0.000,1
864,0.000,0.000,0.000,0.000,0.000,1
865,0.000,0.000,0.000,0.000,0.000,1
866,0.000,0.000,0.000,0.000,0.000,1
867,0.000,0.000,0.000,0.000,0.000,1
868,0.000,0.000,0.000,0.000,0.000,1
869,0.000,0.000,0.000,0.000,0.000,1
870,0.000,0.000,0.000,0.000,0.000,1
871,0.000,0.000,0.000,0.000,0.000,1
872,0.000,0.000,0.000,0.000,0.000,1
873,0.000,0.000,0.000,0.000,0.000,1
874,0.000,0.000,0.000,0.000,0.000,1
875,0.000,0.000,0.000,0.000,0.000,1
876,0.000,0.000,0.000,0.000,0.000,1
877,0.000,0.000,0.000,0.000,0.000,1
878,0.000,0.000,0.000,0.000,0.000,1
879,0.000,0.000,0.000,0.000,0.000,1
880,0.000,0.000,0.000,0.000,0.000,1
881,0.000,0.000,0.000,0.000,0.000,1
882,0.000,0.000,0.000,0.000,0.000,1
883,0.000,0.000,0.000,0.000,0.000,1
884,0.000,0.000,0.000,0.000,0.000,1
885,0.000,0.000,0.000,0.000,0.000,1
886,0.000,0.000,0.000,0.000,0.000,1
887,0.000,0.000,0.000,0.000,0.000,1
888,0.000,0.000,0.000,0.000,0.000,1
889,0.000,0.000,0.000,0.000,0.000,1
890,0.000,0.000,0.000,0.000,0.000,1
891,0.000,0.000,0.000,0.000,0.000,1
892,0.000,0.000,0.000,0.000,0.000,1
893,0.000,0.000,0.000,0.000,0.000,1
894,0.000,0.000,0.000,0.000,0.000,1
895,0.000,0.000,0.000,0.000,0.000,1
896,0.000,0.000,0.000,0.000,0.000,1
897,0.000,0.000,0.000,0.000,0.000,1
898,0.000,0.000,0.000,0.000,0.000,1
899,0.000,0.000,0.000,0.000,0.000,1
900,0.000,0.000,0.000,0.000,0.000,1
901,0.000,0.000,0.000,0.000,0.000,1
902,0.000,0.000,0.000,0.000,0.000,1
903,0.000,0.000,0.000,0.000,0.000,1
904,0.000,0.000,0.000,0.000,0.000,1
905,0.000,0.000,0.000,0.000,0.000,1
906,0.000,0.000,0.000,0.000,0.000,1
907,0.000,0.000,0.000,0.000,0.000,1
908,0.000,0.000,0.000,0.000,0.000,1
909,0.000,0.000,0.000,0.000,0.000,1
910,0.000,0.000,0.000,0.000,0.000,1
911,0.000,0.000,0.000,0.000,0.000,1
912,0.000,0.000,0.000,0.000,0.000,1
913,0.000,0.000,0.000,0.000,0.000,1
914,0.000,0.000,0.000,0.000,0.000,1
915,0.000,0.000,0.000,0.000,0.000,1
916,0.000,0.000,0.000,0.000,0.000,1
917,0.000,0.000,0.000,0.000,0.000,1
918,0.000,0.000,0.000,0.000,0.000,1
919,0.000,0.000,0.000,0.000,0.000,1
920,0.000,0.000,0.000,0.000,0.000,1
921,0.000,0.000,0.000,0.000,0.000,1
922,0.000,0.000,0.000,0.000,0.000,1
923,0.000,0.000,0.000,0.000,0.000,1
924,0.000,0.000,0.000,0.000,0.000,1
925,0.000,0.000,0.000,0.000,0.000,1
926,0.000,0.000,0.000,0.000,0.000,1
927,0.000,0.000,0.000,0.000,0.000,1
928,0.000,0.000,0.000,0.000,0.000,1
929,0.000,0.000,0.000,0.000,0.000,1
930,0.000,0.000,0.000,0.000,0.000,1
931,0.000,0.000,0.000,0.000,0.000,1
932,0.000,0.000,0.000,0.000,0.000,1
933,0.000,0.000,0.000,0.000,0.000,1
934,0.000,0.000,0.000,0.000,0.000,1
935,0.000,0.000,0.000,0.000,0.000,1
936,0.000,0.000,0.000,0.000,0.000,1
937,0.000,0.000,0.000,0.000,0.000,1
938,0.000,0.000,0.000,0.000,0.000,1
939,0.000,0.000,0.000,0.000,0.000,1
940,0.000,0.000,0.000,0.000,0.000,1
941,0.000,0.000,0.000,0.000,0.000,1
942,0.000,0.000,0.000,0.000,0.000,1
943,0.000,0.000,0.000,0.000,0.000,1
944,0.000,0.000,0.000,0.000,0.000,1
945,0.000,0.000,0.000,0.000,0.000,1
946,0.000,0.000,0.000,0.000,0.000,1
947,0.000,0.000,0.000,0.000,0.000,1
948,0.000,0.000,0.000,0.000,0.000,1
949,0.000,0.000,0.000,0.000,0.000,1
950,0.000,0.000,0.000,0.000,0.000,1
951,0.000,0.000,0.000,0.000,0.000,1
952,0.000,0.000,0.000,0.000,0.000,1
953,0.000,0.000,0.000,0.000,0.000,1
954,0.000,0.000,0.000,0.000,0.000,1
955,0.000,0.000,0.000,0.000,0.000,1
956,0.000,0.000,0.000,0.000,0.000,1
957,0.000,0.000,0.000,0.000,0.000,1
958,0.000,0.000,0.000,0.000,0.000,1
959,0.000,0.000,0.000,0.000,0.000,1
960,0.000,0.000,0.000,0.000,0.000,1
961,0.000,0.000,0.000,0.000,0.000,1
962,0.000,0.000,0.000,0.000,0.000,1
963,0.000,0.000,0.000,0.000,0.000,1
964,0.000,0.000,0.000,0.000,0.000,1
965,0.000,0.000,0.000,0.000,0.000,1
966,0.000,0.000,0.000,0.000,0.000,1
967,0.000,0.000,0.000,0.000,0.000,1
968,0.000,0.000,0.000,0.000,0.000,1
969,0.000,0.000,0.000,0.000,0.000,1
970,0.000,0.000,0.000,0.000,0.000,1
971,0.000,0.000,0.000,0.000,0.000,1
972,0.000,0.000,0.000,0.000,0.000,1
973,0.000,0.000,0.000,0.000,0.000,1
974,0.000,0.000,0.000,0.000,0.000,1
975,0.000,0.000,0.000,0.000,0.000,1
976,0.000,0.000,0.000,0.000,0.000,1
977,0.000,0.000,0.000,0.000,0.000,1
978,0.000,0.000,0.000,0.000,0.000,1
979,0.000,0.000,0.000,0.000,0.000,1
980,0.000,0.000,0.000,0.000,0.000,1
981,0.000,0.000,0.000,0.000,0.000,1
982,0.000,0.000,0.000,0.000,0.000,1
983,0.000,0.000,0.000,0.000,0.000,1
984,0.000,0.000,0.000,0.000,0.000,1
985,0.000,0.000,0.000,0.000,0.000,1
986,0.000,0.000,0.000,0.000,0.000,1
987,0.000,0.000,0.000,0.000,0.000,1
988,0.000,0.000,0.000,0.000,0.000,1
989,0.000,0.000,0.000,0.000,0.000,1
990,0.000,0.000,0.000,0.000,0.000,1
991,0.000,0.000,0.000,0.000,0.000,1
992,0.000,0.000,0.000,0.000,0.000,1
993,0.000,0.000,0.000,0.000,0.000,1
994,0.000,0.000,0.000,0.000,0.000,1
995,0.000,0.000,0.000,0.000,0.000,1
996,0.000,0.000,0.000,0.000,0.000,1
997,0.000,0.000,0.000,0.000,0.000,1
998,0.000,0.000,0.000,0.000,0.000,1
999,0.000,0.000,0.000,0.000,0.000,1
1000,0.000,0.000,0.000,0.000,0.000,1
1001,0.000,0.000,0.000,0.000,0.000,1
1002,0.000,0.000,0.000,0.000,0.000,1
1003,0.000,0.000,0.000,0.000,0.000,1
1004,0.000,0.000,0.000,0.000,0.000,1
1005,0.000,0.000,0.000,0.000,0.000,1
1006,0.000,0.000,0.000,0.000,0.000,1
1007,0.000,0.000,0.000,0.000,0.000,1
1008,0.000,0.000,0.000,0.000,0.000,1
1009,0.000,0.000,0.000,0.000,0.000,1
1010,0.000,0.000,0.000,0.000,0.000,1
1011,0.000,0.000,0.000,0.000,0.000,1
1012,0.000,0.000,0.000,0.000,0.000,1
1013,0.000,0.000,0.000,0.000,0.000,1
1014,0.000,0.000,0.000,0.000,0.000,1
1015,0.000,0.000,0.000,0.000,0.000,1
1016,0.000,0.000,0.000,0.000,0.000,1
1017,0.000,0.000,0.000,0.000,0.000,1
1018,0.000,0.000,0.000,0.000,0.000,1
1019,0.000,0.000,0.000,0.000,0.000,1
1020,0.000,0.000,0.000,0.000,0.000,1
1021,0.000,0.000,0.000,0.000,0.000,1
1022,0.000,0.000,0.000,0.000,0.000,1
1023,0.000,0.000,0.000,0.000,0.000,1
1024,0.000,0.000,0.000,0.000,0.000,1
1025,0.000,0.000,0.000,0.000,0.000,1
1026,0.000,0.000,0.000,0.000,0.000,1
1027,0.000,0.000,0.000,0.000,0.000,1
1028,0.000,0.000,0.000,0.000,0.000,1
1029,0.000,0.000,0.000,0.000,0.000,1
1030,0.000,0.000,0.000,0.000,0.000,1
1031,0.000,0.000,0.000,0.000,0.000,1
1032,0.000,0.000,0.000,0.000,0.000,1
1033,0.000,0.000,0.000,0.000,0.000,1
1034,0.000,0.000,0.000,0.000,0.000,1
1035,0.000,0.000,0.000,0.000,0.000,1
1036,0.000,0.000,0.000,0.000,0.000,1
1037,0.000,0.000,0.000,0.000,0.000,1
1038,0.000,0.000,0.000,0.000,0.000,1
1039,0.000,0.000,0.000,0.000,0.000,1
1040,0.000,0.000,0.000,0.000,0.000,1
1041,0.000,0.000,0.000,0.000,0.000,1
1042,0.000,0.000,0.000,0.000,0.000,1
1043,0.000,0.000,0.000,0.000,0.000,1
1044,0.000,0.000,0.000,0.000,0.000,1
1045,0.000,0.000,0.000,0.000,0.000,1
1046,0.000,0.000,0.000,0.000,0.000,1
1047,0.000,0.000,0.000,0.000,0.000,1
1048,0.000,0.000,0.000,0.000,0.000,1
1049,0.000,0.000,0.000,0.000,0.000,1
1050,0.000,0.000,0.000,0.000,0.000,1
1051,0.000,0.000,0.000,0.000,0.000,1
1052,0.000,0.000,0.000,0.000,0.000,1
1053,0.000,0.000,0.000,0.000,0.000,1
1054,0.000,0.000,0.000,0.000,0.000,1
1055,0.000,0.000,0.000,0.000,0.000,1
1056,0.000,0.000,0.000,0.000,0.000,1
1057,0.000,0.000,0.000,0.000,0.000,1
1058,0.000,0.000,0.000,0.000,0.000,1
1059,0.000,0.000,0.000,0.000,0.000,1
1060,0.000,0.000,0.000,0.000,0.000,1
1061,0.000,0.000,0.000,0.000,0.000,1
1062,0.000,0.000,0.000,0.000,0.000,1
1063,0.000,0.000,0.000,0.000,0.000,1
1064,0.000,0.000,0.000,0.000,0.000,1
1065,0.000,0.000,0.000,0.000,0.000,1
1066,0.000,0.000,0.000,0.000,0.000,1
1067,0.000,0.000,0.000,0.000,0.000,1
1068,0.000,0.000,0.000,0.000,0.000,1
1069,0.000,0.000,0.000,0.000,0.000,1
1070,0.000,0.000,0.000,0.000,0.000,1
1071,0.000,0.000,0.000,0.000,0.000,1
1072,0.000,0.000,0.000,0.000,0.000,1
1073,0.000,0.000,0.000,0.000,0.000,1
1074,0.000,0.000,0.000,0.000,0.000,1
1075,0.000,0.000,0.000,0.000,0.000,1
1076,0.000,0.000,0.000,0.000,0.000,1
1077,0.000,0.000,0.000,0.000,0.000,1
1078,0.000,0.000,0.000,0.000,0.000,1
1079,0.000,0.000,0.000,0.000,0.000,1
1080,0.000,0.000,0.000,0.000,0.000,1
1081,0.000,0.000,0.000,0.000,0.000,1
1082,0.000,0.000,0.000,0.000,0.000,1
1083,0.000,0.000,0.000,0.000,0.000,1
1084,0.000,0.000,0.000,0.000,0.000,1
1085,0.000,0.000,0.000,0.000,0.000,1
1086,0.000,0.000,0.000,0.000,0.000,1
1087,0.000,0.000,0.000,0.000,0.000,1
1088,0.000,0.000,0.000,0.000,0.000,1
1089,0.000,0.000,0.000,0.000,0.000,1
1090,0.000,0.000,0.000,0.000,0.000,1
1091,0.000,0.000,0.000,0.000,0.000,1
1092,0.000,0.000,0.000,0.000,0.000,1
1093,0.000,0.000,0.000,0.000,0.000,1
1094,0.000,0.000,0.000,0.000,0.000,1
1095,0.000,0.000,0.000,0.000,0.000,1
1096,0.000,0.000,0.000,0.000,0.000,1
1097,0.000,0.000,0.000,0.000,0.000,1
1098,0.000,0.000,0.000,0.000,0.000,1
1099,0.000,0.000,0.000,0.000,0.000,1
1100,0.000,0.000,0.000,0.000,0.000,1
1101,0.000,0.000,0.000,0.000,0.000,1
1102,0.000,0.000,0.000,0.000,0.000,1
1103,0.000,0.000,0.000,0.000,0.000,1
1104,0.000,0.000,0.000,0.000,0.000,1
1105,0.000,0.000,0.000,0.000,0.000,1
1106,0.000,0.000,0.000,0.000,0.000,1
1107,0.000,0.000,0.000,0.000,0.000,1
1108,0.000,0.000,0.000,0.000,0.000,1
1109,0.000,0.000,0.000,0.000,0.000,1
1110,0.000,0.000,0.000,0.000,0.000,1
1111,0.000,0.000,0.000,0.000,0.000,1
1112,0.000,0.000,0.000,0.000,0.000,1
1113,0.000,0.000,0.000,0.000,0.000,1
1114,0.000,0.000,0.000,0.000,0.000,1
1115,0.000,0.000,0.000,0.000,0.000,1
1116,0.000,0.000,0.000,0.000,0.000,1
1117,0.000,0.000,0.000,0.000,0.000,1
1118,0.000,0.000,0.000,0.000,0.000,1
1119,0.000,0.000,0.000,0.000,0.000,1
1120,0.000,0.000,0.000,0.000,0.000,1
1121,0.000,0.000,0.000,0.000,0.000,1
1122,0.000,0.000,0.000,0.000,0.000,1
1123,0.000,0.000,0.000,0.000,0.000,1
1124,0.000,0.000,0.000,0.000,0.000,1
1125,0.000,0.000,0.000,0.000,0.000,1
1126,0.000,0.000,0.000,0.000,0.000,1
1127,0.000,0.000,0.000,0.000,0.000,1
1128,0.000,0.000,0.000,0.000,0.000,1
1129,0.000,0.000,0.000,0.000,0.000,1
1130,0.000,0.000,0.000,0.000,0.000,1
1131,0.000,0.000,0.000,0.000,0.000,1
1132,0.000,0.000,0.000,0.000,0.000,1
1133,0.000,0.000,0.000,0.000,0.000,1
1134,0.000,0.000,0.000,0.000,0.000,1
1135,0.000,0.000,0.000,0.000,0.000,1
1136,0.000,0.000,0.000,0.000,0.000,1
1137,0.000,0.000,0.000,0.000,0.000,1
1138,0.000,0.000,0.000,0.000,0.000,1
1139,0.000,0.000,0.000,0.000,0.000,1
1140,0.000,0.000,0.000,0.000,0.000,1
1141,0.000,0.000,0.000,0.000,0.000,1
1142,0.000,0.000,0.000,0.000,0.000,1
1143,0.000,0.000,0.000,0.000,0.000,1
1144,0.000,0.000,0.000,0.000,0.000,1
1145,0.000,0.000,0.000,0.000,0.000,1
1146,0.000,0.000,0.000,0.000,0.000,1
1147,0.000,0.000,0.000,0.000,0.000,1
1148,0.000,0.000,0.000,0.000,0.000,1
1149,0.000,0.000,0.000,0.000,0.000,1
1150,0.000,0.000,0.000,0.000,0.000,1
1151,0.000,0.000,0.000,0.000,0.000,1
1152,0.000,0.000,0.000,0.000,0.000,1
1153,0.000,0.000,0.000,0.000,0.000,1
1154,0.000,0.000,0.000,0.000,0.000,1
1155,0.000,0.000,0.000,0.000,0.000,1
1156,0.000,0.000,0.000,0.000,0.000,1
1157,0.000,0.000,0.000,0.000,0.000,1
1158,0.000,0.000,0.000,0.000,0.000,1
1159,0.000,0.000,0.000,0.000,0.000,1
1160,0.000,0.000,0.000,0.000,0.000,1
1161,0.000,0.000,0.000,0.000,0.000,1
1162,0.000,0.000,0.000,0.000,0.000,1
1163,0.000,0.000,0.000,0.000,0.000,1
1164,0.000,0.000,0.000,0.000,0.000,1
1165,0.000,0.000,0.000,0.000,0.000,1
1166,0.000,0.000,0.000,0.000,0.000,1
1167,0.000,0.000,0.000,0.000,0.000,1
1168,0.000,0.000,0.000,0.000,0.000,1
1169,0.000,0.000,0.000,0.000,0.000,1
1170,0.000,0.000,0.000,0.000,0.000,1
1171,0.000,0.000,0.000,0.000,0.000,1
1172,0.000,0.000,0.000,0.000,0.000,1
1173,0.000,0.000,0.000,0.000,0.000,1
1174,0.000,0.000,0.000,0.000,0.000,1
1175,0.000,0.000,0.000,0.000,0.000,1
1176,0.000,0.000,0.000,0.000,0.000,1
1177,0.000,0.000,0.000,0.000,0.000,1
1178,0.000,0.000,0.000,0.000,0.000,1
1179,0.000,0.000,0.000,0.000,0.000,1
1180,0.000,0.000,0.000,0.000,0.000,1
1181,0.000,0.000,0.000,0.000,0.000,1
1182,0.000,0.000,0.000,0.000,0.000,1
1183,0.000,0.000,0.000,0.000,0.000,1
1184,0.000,0.000,0.000,0.000,0.000,1
1185,0.000,0.000,0.000,0.000,0.000,1
1186,0.000,0.000,0.000,0.000,0.000,1
1187,0.000,0.000,0.000,0.000,0.000,1
1188,0.000,0.000,0.000,0.000,0.000,1
1189,0.000,0.000,0.000,0.000,0.000,1
1190,0.000,0.000,0.000,0.000,0.000,1
1191,0.000,0.000,0.000,0.000,0.000,1
1192,0.000,0.000,0.000,0.000,0.000,1
1193,0.000,0.000,0.000,0.000,0.000,1
1194,0.000,0.000,0.000,0.000,0.000,1
1195,0.000,0.000,0.000,0.000,0.000,1
1196,0.000,0.000,0.000,0.000,0.000,1
1197,0.000,0.000,0.000,0.000,0.000,1
1198,0.000,0.000,0.000,0.000,0.000,1
1199,0.000,0.000,0.000,0.000,0.000,1
1200,0.000,0.000,0.000,0.000,0.000,1
1201,0.000,0.000,0.000,0.000,0.000,1
1202,0.000,0.000,0.000,0.000,0.000,1
1203,0.000,0.000,0.000,0.000,0.000,1
1204,0.000,0.000,0.000,0.000,0.000,1
1205,0.000,0.000,0.000,0.000,0.000,1
1206,0.000,0.000,0.000,0.000,0.000,1
1207,0.000,0.000,0.000,0.000,0.000,1
1208,0.000,0.000,0.000,0.000,0.000,1
1209,0.000,0.000,0.000,0.000,0.000,1
1210,0.000,0.000,0.000,0.000,0.000,1
1211,0.000,0.000,0.000,0.000,0.000,1
1212,0.000,0.000,0.000,0.000,0.000,1
1213,0.000,0.000,0.000,0.000,0.000,1
1214,0.000,0.000,0.000,0.000,0.000,1
1215,0.000,0.000,0.000,0.000,0.000,1
1216,0.000,0.000,0.000,0.000,0.000,1
1217,0.000,0.000,0.000,0.000,0.000,1
1218,0.000,0.000,0.000,0.000,0.000,1
1219,0.000,0.000,0.000,0.000,0.000,1
1220,0.000,0.000,0.000,0.000,0.000,1
1221,0.000,0.000,0.000,0.000,0.000,1
1222,0.000,0.000,0.000,0.000,0.000,1
1223,0.000,0.000,0.000,0.000,0.000,1
1224,0.000,0.000,0.000,0.000,0.000,1
1225,0.000,0.000,0.000,0.000,0.000,1
1226,0.000,0.000,0.000,0.000,0.000,1
1227,0.000,0.000,0.000,0.000,0.000,1
1228,0.000,0.000,0.000,0.000,0.000,1
1229,0.000,0.000,0.000,0.000,0.000,1
1230,0.000,0.000,0.000,0.000,0.000,1
1231,0.000,0.000,0.000,0.000,0.000,1
1232,0.000,0.000,0.000,0.000,0.000,1
1233,0.000,0.000,0.000,0.000,0.000,1
1234,0.000,0.000,0.000,0.000,0.000,1
1235,0.000,0.000,0.000,0.000,0.000,1
1236,0.000,0.000,0.000,0.000,0.000,1
1237,0.000,0.000,0.000,0.000,0.000,1
1238,0.000,0.000,0.000,0.000,0.000,1
1239,0.000,0.000,0.000,0.000,0.000,1
1240,0.000,0.000,0.000,0.000,0.000,1
1241,0.000,0.000,0.000,0.000,0.000,1
1242,0.000,0.000,0.000,0.000,0.000,1
1243,0.000,0.000,0.000,0.000,0.000,1
1244,0.000,0.000,0.000,0.000,0.000,1
1245,0.000,0.000,0.000,0.000,0.000,1
1246,0.000,0.000,0.000,0.000,0.000,1
1247,0.000,0.000,0.000,0.000,0.000,1
1248,0.000,0.000,0.000,0.000,0.000,1
1249,0.000,0.000,0.000,0.000,0.000,1
1250,0.000,0.000,0.000,0.000,0.000,1
1251,0.000,0.000,0.000,0.000,0.000,1
1252,0.000,0.000,0.000,0.000,0.000,1
1253,0.000,0.000,0.000,0.000,0.000,1
1254,0.000,0.000,0.000,0.000,0.000,1
1255,0.000,0.000,0.000,0.000,0.000,1
1256,0.000,0.000,0.000,0.000,0.000,1
1257,0.000,0.000,0.000,0.000,0.000,1
1258,0.000,0.000,0.000,0.000,0.000,1
1259,0.000,0.000,0.000,0.000,0.000,1
1260,0.000,0.000,0.000,0.000,0.000,1
1261,0.000,0.000,0.000,0.000,0.000,1
1262,0.000,0.000,0.000,0.000,0.000,1
1263,0.000,0.000,0.000,0.000,0.000,1
1264,0.000,0.000,0.000,0.000,0.000,1
1265,0.000,0.000,0.000,0.000,0.000,1
1266,0.000,0.000,0.000,0.000,0.000,1
1267,0.000,0.000,0.000,0.000,0.000,1
1268,0.000,0.000,0.000,0.000,0.000,1
1269,0.000,0.000,0.000,0.000,0.000,1
1270,0.000,0.000,0.000,0.000,0.000,1
1271,0.000,0.000,0.000,0.000,0.000,1
1272,0.000,0.000,0.000,0.000,0.000,1
1273,0.000,0.000,0.000,0.000,0.000,1
1274,0.000,0.000,0.000,0.000,0.000,1
1275,0.000,0.000,0.000,0.000,0.000,1
1276,0.000,0.000,0.000,0.000,0.000,1
1277,0.000,0.000,0.000,0.000,0.000,1
1278,0.000,0.000,0.000,0.000,0.000,1
1279,0.000,0.000,0.000,0.000,0.000,1
1280,0.000,0.000,0.000,0.000,0.000,1
1281,0.000,0.000,0.000,0.000,0.000,1
1282,0.000,0.000,0.000,0.000,0.000,1
1283,0.000,0.000,0.000,0.000,0.000,1
1284,0.000,0.000,0.000,0.000,0.000,1
1285,0.000,0.000,0.000,0.000,0.000,1
1286,0.000,0.000,0.000,0.000,0.000,1
1287,0.000,0.000,0.000,0.000,0.000,1
1288,0.000,0.000,0.000,0.000,0.000,1
1289,0.000,0.000,0.000,0.000,0.000,1
1290,0.000,0.000,0.000,0.000,0.000,1
1291,0.000,0.000,0.000,0.000,0.000,1
1292,0.000,0.000,0.000,0.000,0.000,1
1293,0.000,0.000,0.000,0.000,0.000,1
1294,0.000,0.000,0.000,0.000,0.000,1
1295,0.000,0.000,0.000,0.000,0.000,1
1296,0.000,0.000,0.000,0.000,0.000,1
1297,0.000,0.000,0.000,0.000,0.000,1
1298,0.000,0.000,0.000,0.000,0.000,1
1299,0.000,0.000,0.000,0.000,0.000,1
1300,0.000,0.000,0.000,0.000,0.000,1
1301,0.000,0.000,0.000,0.000,0.000,1
1302,0.000,0.000,0.000,0.000,0.000,1
1303,0.000,0.000,0.000,0.000,0.000,1
1304,0.000,0.000,0.000,0.000,0.000,1
1305,0.000,0.000,0.000,0.000,0.000,1
1306,0.000,0.000,0.000,0.000,0.000,1
1307,0.000,0.000,0.000,0.000,0.000,1
1308,0.000,0.000,0.000,0.000,0.000,1
1309,0.000,0.000,0.000,0.000,0.000,1
1310,0.000,0.000,0.000,0.000,0.000,1
1311,0.000,0.000,0.000,0.000,0.000,1
1312,0.000,0.000,0.000,0.000,0.000,1
1313,0.000,0.000,0.000,0.000,0.000,1
1314,0.000,0.000,0.000,0.000,0.000,1
1315,0.000,0.000,0.000,0.000,0.000,1
1316,0.000,0.000,0.000,0.000,0.000,1
1317,0.000,0.000,0.000,0.000,0.000,1
1318,0.000,0.000,0.000,0.000,0.000,1
1319,0.000,0.000,0.000,0.000,0.000,1
1320,0.000,0.000,0.000,0.000,0.000,1
1321,0.000,0.000,0.000,0.000,0.000,1
1322,0.000,0.000,0.000,0.000,0.000,1
1323,0.000,0.000,0.000,0.000,0.000,1
1324,0.000,0.000,0.000,0.000,0.000,1
1325,0.000,0.000,0.000,0.000,0.000,1
1326,0.000,0.000,0.000,0.000,0.000,1
1327,0.000,0.000,0.000,0.000,0.000,1
1328,0.000,0.000,0.000,0.000,0.000,1
1329,0.000,0.000,0.000,0.000,0.000,1
1330,0.000,0.000,0.000,0.000,0.000,1
1331,0.000,0.000,0.000,0.000,0.000,1
1332,0.000,0.000,0.000,0.000,0.000,1
1333,0.000,0.000,0.000,0.000,0.000,1
1334,0.000,0.000,0.000,0.000,0.000,1
1335,0.000,0.000,0.000,0.000,0.000,1
1336,0.000,0.000,0.000,0.000,0.000,1
1337,0.000,0.000,0.000,0.000,0.000,1
1338,0.000,0.000,0.000,0.000,0.000,1
1339,0.000,0.000,0.000,0.000,0.000,1
1340,0.000,0.000,0.000,0.000,0.000,1
1341,0.000,0.000,0.000,0.000,0.000,1
1342,0.000,0.000,0.000,0.000,0.000,1
1343,0.000,0.000,0.000,0.000,0.000,1
1344,0.000,0.000,0.000,0.000,0.000,1
1345,0.000,0.000,0.000,0.000,0.000,1
1346,0.000,0.000,0.000,0.000,0.000,1
1347,0.000,0.000,0.000,0.000,0.000,1
1348,0.000,0.000,0.000,0.000,0.000,1
1349,0.000,0.000,0.000,0.000,0.000,1
1350,0.000,0.000,0.000,0.000,0.000,1
1351,0.000,0.000,0.000,0.000,0.000,1
1352,0.000,0.000,0.000,0.000,0.000,1
1353,0.000,0.000,0.000,0.000,0.000,1
1354,0.000,0.000,0.000,0.000,0.000,1
1355,0.000,0.000,0.000,0.000,0.000,1
1356,0.000,0.000,0.000,0.000,0.000,1
1357,0.000,0.000,0.000,0.000,0.000,1
1358,0.000,0.000,0.000,0.000,0.000,1
1359,0.000,0.000,0.000,0.000,0.000,1
1360,0.000,0.000,0.000,0.000,0.000,1
1361,0.000,0.000,0.000,0.000,0.000,1
1362,0.000,0.000,0.000,0.000,0.000,1
1363,0.000,0.000,0.000,0.000,0.000,1
1364,0.000,0.000,0.000,0.000,0.000,1
1365,0.000,0.000,0.000,0.000,0.000,1
1366,0.000,0.000,0.000,0.000,0.000,1
1367,0.000,0.000,0.000,0.000,0.000,1
1368,0.000,0.000,0.000,0.000,0.000,1
1369,0.000,0.000,0.000,0.000,0.000,1
1370,0.000,0.000,0.000,0.000,0.000,1
1371,0.000,0.000,0.000,0.000,0.000,1
1372,0.000,0.000,0.000,0.000,0.000,1
1373,0.000,0.000,0.000,0.000,0.000,1
1374,0.000,0.000,0.000,0.000,0.000,1
1375,0.000,0.000,0.000,0.000,0.000,1
1376,0.000,0.000,0.000,0.000,0.000,1
1377,0.000,0.000,0.000,0.000,0.000,1
1378,0.000,0.000,0.000,0.000,0.000,1
1379,0.000,0.000,0.000,0.000,0.000,1
1380,0.000,0.000,0.000,0.000,0.000,1
1381,0.000,0.000,0.000,0.000,0.000,1
1382,0.000,0.000,0.000,0.000,0.000,1
1383,0.000,0.000,0.000,0.000,0.000,1
1384,0.000,0.000,0.000,0.000,0.000,1
1385,0.000,0.000,0.000,0.000,0.000,1
1386,0.000,0.000,0.000,0.000,0.000,1
1387,0.000,0.000,0.000,0.000,0.000,1
1388,0.000,0.000,0.000,0.000,0.000,1
1389,0.000,0.000,0.000,0.000,0.000,1
1390,0.000,0.000,0.000,0.000,0.000,1
1391,0.000,0.000,0.000,0.000,0.000,1
1392,0.000,0.000,0.000,0.000,0.000,1
1393,0.000,0.000,0.000,0.000,0.000,1
1394,0.000,0.000,0.000,0.000,0.000,1
1395,0.000,0.000,0.000,0.000,0.000,1
1396,0.000,0.000,0.000,0.000,0.000,1
1397,0.000,0.000,0.000,0.000,0.000,1
1398,0.000,0.000,0.000,0.000,0.000,1
1399,0.000,0.000,0.000,0.000,0.000,1
1400,0.000,0.000,0.000,0.000,0.000,1
1401,0.000,0.000,0.000,0.000,0.000,1
1402,0.000,0.000,0.000,0.000,0.000,1
1403,0.000,0.000,0.000,0.000,0.000,1
1404,0.000,0.000,0.000,0.000,0.000,1
1405,0.000,0.000,0.000,0.000,0.000,1
1406,0.000,0.000,0.000,0.000,0.000,1
1407,0.000,0.000,0.000,0.000,0.000,1
1408,0.000,0.000,0.000,0.000,0.000,1
1409,0.000,0.000,0.000,0.000,0.000,1
1410,0.000,0.000,0.000,0.000,0.000,1
1411,0.000,0.000,0.000,0.000,0.000,1
1412,0.000,0.000,0.000,0.000,0.000,1
1413,0.000,0.000,0.000,0.000,0.000,1
1414,0.000,0.000,0.000,0.000,0.000,1
1415,0.000,0.000,0.000,0.000,0.000,1
1416,0.000,0.000,0.000,0.000,0.000,1
1417,0.000,0.000,0.000,0.000,0.000,1
1418,0.000,0.000,0.000,0.000,0.000,1
1419,0.000,0.000,0.000,0.000,0.000,1
1420,0.000,0.000,0.000,0.000,0.000,1
1421,0.000,0.000,0.000,0.000,0.000,1
1422,0.000,0.000,0.000,0.000,0.000,1
1423,0.000,0.000,0.000,0.000,0.000,1
1424,0.000,0.000,0.000,0.000,0.000,1
1425,0.000,0.000,0.000,0.000,0.000,1
1426,0.000,0.000,0.000,0.000,0.000,1
1427,0.000,0.000,0.000,0.000,0.000,1
1428,0.000,0.000,0.000,0.000,0.000,1
1429,0.000,0.000,0.000,0.000,0.000,1
1430,0.000,0.000,0.000,0.000,0.000,1
1431,0.000,0.000,0.000,0.000,0.000,1
1432,0.000,0.000,0.000,0.000,0.000,1
1433,0.000,0.000,0.000,0.000,0.000,1
1434,0.000,0.000,0.000,0.000,0.000,1
1435,0.000,0.000,0.000,0.000,0.000,1
1436,0.000,0.000,0.000,0.000,0.000,1
1437,0.000,0.000,0.000,0.000,0.000,1
1438,0.000,0.000,0.000,0.000,0.000,1
1439,0.000,0.000,0.000,0.000,0.000,1
1440,0.000,0.000,0.000,0.000,0.000,1
1441,0.000,0.000,0.000,0.000,0.000,1
1442,0.000,0.000,0.000,0.000,0.000,1
1443,0.000,0.000,0.000,0.000,0.000,1
1444,0.000,0.000,0.000,0.000,0.000,1
1445,0.000,0.000,0.000,0.000,0.000,1
1446,0.000,0.000,0.000,0.000,0.000,1
1447,0.000,0.000,0.000,0.000,0.000,1
1448,0.000,0.000,0.000,0.000,0.000,1
1449,0.000,0.000,0.000,0.000,0.000,1
1450,0.000,0.000,0.000,0.000,0.000,1
1451,0.000,0.000,0.000,0.000,0.000,1
1452,0.000,0.000,0.000,0.000,0.000,1
1453,0.000,0.000,0.000,0.000,0.000,-1
1454,0.000,0.000,0.000,0.000,0.000,-1
1455,0.000,0.000,0.000,0.000,0.000,-1
1456,0.000,0.000,0.000,0.000,0.000,-1
1457,0.000,0.000,0.000,0.000,0.000,-1
1458,0.000,0.000,0.000,0.000,0.000,-1
1459,0.000,0.000,0.000,0.000,0.000,-1
1460,0.000,0.000,0.000,0.000,0.000,-1
1461,0.000,0.000,0.000,0.000,0.000,-1
1462,0.000,0.000,0.000,0.000,0.000,-1
1463,0.000,0.000,0.000,0.000,0.000,-1
1464,0.000,0.000,0.000,0.000,0.000,-1
1465,0.000,0.000,0.000,0.000,0.000,-1
1466,0.000,0.000,0.000,0.000,0.000,-1
1467,0.000,0.000,0.000,0.000,0.000,-1
1468,0.000,0.000,0.000,0.000,0.000,-1
1469,0.000,0.000,0.000,0.000,0.000,-1
1470,0.000,0.000,0.000,0.000,0.000,-1
1471,0.000,0.000,0.000,0.000,0.000,-1
1472,0.000,0.000,0.000,0.000,0.000,-1
1473,0.000,0.000,0.000,0.000,0.000,-1
1474,0.000,0.000,0.000,0.000,0.000,-1
1475,0.000,0.000,0.000,0.000,0.000,-1
1476,0.000,0.000,0.000,0.000,0.000,-1
1477,0.000,0.000,0.000,0.000,0.000,-1
1478,0.000,0.000,0.000,0.000,0.000,-1
1479,0.000,0.000,0.000,0.000,0.000,-1
1480,0.000,0.000,0.000,0.000,0.000,-1
1481,0.000,0.000,0.000,0.000,0.000,-1
1482,0.000,0.000,0.000,0.000,0.000,-1
1483,0.000,0.000,0.000,0.000,0.000,-1
1484,0.000,0.000,0.000,0.000,0.000,-1
1485,0.000,0.000,0.000,0.000,0.000,-1
1486,0.000,0.000,0.000,0.000,0.000,-1
1487,0.000,0.000,0.000,0.000,0.000,-1
1488,0.000,0.000,0.000,0.000,0.000,-1
1489,0.000,0.000,0.000,0.000,0.000,-1
1490,0.000,0.000,0.000,0.000,0.000,-1
1491,0.000,0.000,0.000,0.000,0.000,-1
1492,0.000,0.000,0.000,0.000,0.800,-1
1493,0.000,0.000,0.000,0.000,0.692,-1
1494,0.000,0.000,0.000,0.000,0.531,-1
1495,0.000,0.000,0.000,0.000,0.363,-1
1496,0.000,0.000,0.000,0.000,0.199,-1
1497,0.000,0.000,0.000,0.000,0.030,-1
1498,0.000,0.000,0.000,0.000,0.717,-1
1499,0.000,0.000,0.000,0.000,0.549,-1
1500,0.000,0.000,0.000,0.000,0.379,-1
1501,0.000,0.000,0.000,0.000,0.204,-1
1502,0.000,0.000,0.000,0.000,0.800,-1
1503,0.000,0.000,0.000,0.000,0.800,-1
1504,0.000,0.000,0.000,0.000,0.800,-1
1505,0.000,0.000,0.000,0.000,0.719,-1
1506,0.000,0.000,0.000,0.000,0.742,-1
1507,0.000,0.000,0.000,0.000,0.800,-1
1508,0.000,0.000,0.000,0.000,0.637,-1
1509,0.000,0.000,0.000,0.000,0.470,-1
1510,0.000,0.000,0.000,0.000,0.745,-1
1511,0.000,0.000,0.000,0.000,0.690,-1
1512,0.000,0.000,0.000,0.000,0.530,-1
1513,0.000,0.000,0.000,0.000,0.373,-1
1514,0.000,0.000,0.000,0.000,0.212,-1
1515,0.000,0.000,0.000,0.000,0.047,-1
1516,0.000,0.000,0.000,0.000,0.693,-1
1517,0.000,0.000,0.000,0.000,0.531,-1
1518,0.000,0.000,0.000,0.000,0.369,-1
1519,0.000,0.000,0.000,0.000,0.203,-1
1520,0.000,0.000,0.000,0.000,0.040,-1
1521,0.000,0.000,0.000,0.000,0.000,-1
1522,0.000,0.000,0.000,0.000,0.000,-1
1523,0.000,0.000,0.000,0.000,0.000,-1
1524,0.000,0.000,0.000,0.000,0.000,-1
1525,0.000,0.000,0.000,0.000,0.000,-1
1526,0.000,0.000,0.000,0.000,0.000,-1
1527,0.000,0.000,0.000,0.000,0.000,-1
1528,0.000,0.000,0.000,0.000,0.000,-1
1529,0.000,0.000,0.000,0.000,0.000,-1
1530,0.000,0.000,0.000,0.000,0.000,-1
1531,0.000,0.000,0.000,0.000,0.000,-1
1532,0.000,0.000,0.000,0.000,0.000,-1
1533,0.000,0.000,0.000,0.000,0.000,-1
1534,0.000,0.000,0.000,0.000,0.000,-1
1535,0.000,0.000,0.000,0.000,0.000,-1
1536,0.000,0.000,0.000,0.000,0.000,-1
1537,0.000,0.000,0.000,0.000,0.000,-1
1538,0.000,0.000,0.000,0.000,0.000,-1
1539,0.000,0.000,0.000,0.000,0.000,-1
1540,0.000,0.000,0.000,0.000,0.800,-1
1541,0.000,0.000,0.000,0.000,0.800,-1
1542,0.000,0.000,0.000,0.000,0.640,-1
1543,0.000,0.000,0.000,0.000,0.482,-1
1544,0.000,0.000,0.000,0.000,0.325,-1
1545,0.000,0.000,0.000,0.000,0.165,-1
1546,0.000,0.000,0.000,0.000,0.008,-1
1547,0.000,0.000,0.000,0.000,0.000,-1
1548,0.000,0.000,0.000,0.000,0.000,-1
1549,0.000,0.000,0.000,0.000,0.000,-1
1550,0.000,0.000,0.000,0.000,0.000,-1
1551,0.000,0.000,0.000,0.000,0.000,-1
1552,0.000,0.000,0.000,0.000,0.000,-1
1553,0.000,0.000,0.000,0.000,0.000,-1
1554,0.000,0.000,0.000,0.000,0.000,-1
1555,0.000,0.000,0.000,0.000,0.000,-1
1556,0.000,0.000,0.000,0.000,0.800,-1
1557,0.000,0.000,0.000,0.000,0.668,-1
1558,0.000,0.000,0.000,0.000,0.505,-1
1559,0.000,0.000,0.000,0.000,0.345,-1
1560,0.000,0.000,0.000,0.000,0.183,-1
1561,0.000,0.000,0.000,0.000,0.800,-1
1562,0.000,0.000,0.000,0.000,0.693,-1
1563,0.000,0.000,0.000,0.000,0.531,-1
1564,0.000,0.000,0.000,0.000,0.368,-1
1565,0.000,0.000,0.000,0.000,0.800,-1
1566,0.000,0.000,0.000,0.000,0.800,-1
1567,0.000,0.000,0.000,0.000,0.800,-1
1568,0.000,0.000,0.000,0.000,0.800,-1
1569,0.000,0.000,0.000,0.000,0.774,-1
1570,0.000,0.000,0.000,0.000,0.800,-1
1571,0.000,0.000,0.000,0.000,0.747,-1
1572,0.000,0.000,0.000,0.000,0.586,-1
1573,0.000,0.000,0.000,0.000,0.454,-1
1574,0.000,0.000,0.000,0.000,0.281,-1
1575,0.000,0.000,0.000,0.000,0.125,-1
1576,0.000,0.000,0.000,0.000,0.000,-1
1577,0.000,0.000,0.000,0.000,0.000,-1
1578,0.000,0.000,0.000,0.000,0.000,-1
1579,0.000,0.000,0.000,0.000,0.000,-1
1580,0.000,0.000,0.000,0.000,0.000,-1
1581,0.000,0.000,0.000,0.000,0.000,-1
1582,0.000,0.000,0.000,0.000,0.000,-1
1583,0.000,0.000,0.000,0.000,0.000,-1
1584,0.000,0.000,0.000,0.000,0.000,-1
1585,0.000,0.000,0.000,0.000,0.000,-1
1586,0.000,0.000,0.000,0.000,0.000,-1
1587,0.000,0.000,0.000,0.000,0.000,-1
1588,0.000,0.000,0.000,0.000,0.000,-1
1589,0.000,0.000,0.000,0.000,0.000,-1
1590,0.000,0.000,0.000,0.000,0.000,-1
1591,0.000,0.000,0.000,0.000,0.000,-1
1592,0.000,0.000,0.000,0.000,0.000,-1
1593,0.000,0.000,0.000,0.000,0.000,-1
1594,0.000,0.000,0.000,0.000,0.000,-1
1595,0.000,0.000,0.000,0.000,0.000,-1
1596,0.000,0.000,0.000,0.000,0.000,-1
1597,0.000,0.000,0.000,0.000,0.000,-1
1598,0.000,0.000,0.000,0.000,0.000,-1
1599,0.000,0.000,0.000,0.000,0.000,-1
1600,0.000,0.000,0.000,0.000,0.000,-1
1601,0.000,0.000,0.000,0.000,0.000,-1
1602,0.000,0.000,0.000,0.000,0.000,-1
1603,0.000,0.000,0.000,0.000,0.000,-1
1604,0.000,0.000,0.000,0.000,0.000,-1
1605,0.000,0.000,0.000,0.000,0.000,-1
1606,0.000,0.000,0.000,0.000,0.000,-1
1607,0.000,0.000,0.000,0.000,0.000,-1
1608,0.000,0.000,0.000,0.000,0.000,-1
1609,0.000,0.000,0.000,0.000,0.000,-1
1610,0.000,0.000,0.000,0.000,0.000,-1
1611,0.000,0.000,0.000,0.000,0.000,-1
1612,0.000,0.000,0.000,0.000,0.000,-1
1613,0.000,0.000,0.000,0.000,0.000,-1
1614,0.000,0.000,0.000,0.000,0.000,-1
1615,0.000,0.000,0.000,0.000,0.000,-1
1616,0.000,0.000,0.000,0.000,0.000,-1
1617,0.000,0.000,0.000,0.000,0.000,-1
1618,0.000,0.000,0.000,0.000,0.000,-1
1619,0.000,0.000,0.000,0.000,0.000,-1
1620,0.000,0.000,0.000,0.000,0.000,-1
1621,0.000,0.000,0.000,0.000,0.000,-1
1622,0.000,0.000,0.000,0.000,0.000,-1
1623,0.000,0.000,0.000,0.000,0.000,-1
1624,0.000,0.000,0.000,0.000,0.000,-1
1625,0.000,0.000,0.000,0.000,0.000,-1
1626,0.000,0.000,0.000,0.000,0.000,-1
1627,0.000,0.000,0.000,0.000,0.000,-1
1628,0.000,0.000,0.000,0.000,0.000,-1
1629,0.000,0.000,0.000,0.000,0.000,-1
1630,0.000,0.000,0.000,0.000,0.000,-1
1631,0.000,0.000,0.000,0.000,0.000,-1
1632,0.000,0.000,0.000,0.000,0.000,-1
1633,0.000,0.000,0.000,0.000,0.000,-1
1634,0.000,0.000,0.000,0.000,0.000,-1
1635,0.000,0.000,0.000,0.000,0.000,-1
1636,0.000,0.000,0.000,0.000,0.000,-1
1637,0.000,0.000,0.000,0.000,0.000,-1
1638,0.000,0.000,0.000,0.000,0.000,-1
1639,0.000,0.000,0.000,0.000,0.000,-1
1640,0.000,0.000,0.000,0.000,0.000,-1
1641,0.000,0.000,0.000,0.000,0.000,-1
1642,0.000,0.000,0.000,0.000,0.000,-1
1643,0.000,0.000,0.000,0.000,0.000,-1
1644,0.000,0.000,0.000,0.000,0.000,-1
1645,0.000,0.000,0.000,0.000,0.000,-1
1646,0.000,0.000,0.000,0.000,0.000,-1
1647,0.000,0.000,0.000,0.000,0.000,-1
1648,0.000,0.000,0.000,0.000,0.000,-1
1649,0.000,0.000,0.000,0.000,0.000,-1
1650,0.000,0.000,0.000,0.000,0.000,-1
1651,0.000,0.000,0.000,0.000,0.000,-1
1652,0.000,0.000,0.000,0.000,0.800,-1
1653,0.000,0.000,0.000,0.000,0.800,-1
1654,0.000,0.000,0.000,0.000,0.665,-1
1655,0.000,0.000,0.000,0.000,0.505,-1
1656,0.000,0.000,0.000,0.000,0.347,-1
1657,0.000,0.000,0.000,0.000,0.800,-1
1658,0.000,0.000,0.000,0.000,0.800,-1
1659,0.000,0.000,0.000,0.000,0.800,-1
1660,0.000,0.000,0.000,0.000,0.800,-1
1661,0.000,0.000,0.000,0.000,0.800,-1
1662,0.000,0.000,0.000,0.000,0.800,-1
1663,0.000,0.000,0.000,0.000,0.800,-1
1664,0.000,0.000,0.000,0.000,0.800,-1
1665,0.000,0.000,0.000,0.000,0.800,-1
1666,0.000,0.000,0.000,0.000,0.800,-1
1667,0.000,0.000,0.000,0.000,0.725,-1
1668,0.000,0.000,0.000,0.000,0.569,-1
1669,0.000,0.000,0.000,0.000,0.770,-1
1670,0.000,0.000,0.000,0.000,0.773,-1
1671,0.000,0.000,0.000,0.000,0.615,-1
1672,0.000,0.000,0.000,0.000,0.451,-1
1673,0.000,0.000,0.000,0.000,0.290,-1
1674,0.000,0.000,0.000,0.000,0.131,-1
1675,0.000,0.000,0.000,0.000,0.000,-1
1676,0.000,0.000,0.000,0.000,0.000,-1
1677,0.000,0.000,0.000,0.000,0.000,-1
1678,0.000,0.000,0.000,0.000,0.000,-1
1679,0.000,0.000,0.000,0.000,0.000,-1
1680,0.000,0.000,0.000,0.000,0.000,-1
1681,0.000,0.000,0.000,0.000,0.000,-1
1682,0.000,0.000,0.000,0.000,0.000,-1
1683,0.000,0.000,0.000,0.000,0.000,-1
1684,0.000,0.000,0.000,0.000,0.000,-1
1685,0.000,0.000,0.000,0.000,0.000,-1
1686,0.000,0.000,0.000,0.000,0.000,-1
1687,0.000,0.000,0.000,0.000,0.000,-1
1688,0.000,0.000,0.000,0.000,0.000,-1
1689,0.000,0.000,0.000,0.000,0.000,-1
1690,0.000,0.000,0.000,0.000,0.000,-1
1691,0.000,0.000,0.000,0.000,0.000,-1
1692,0.000,0.000,0.000,0.000,0.000,-1
1693,0.000,0.000,0.000,0.000,0.000,-1
1694,0.000,0.000,0.000,0.000,0.000,-1
1695,0.000,0.000,0.000,0.000,0.000,-1
1696,0.000,0.000,0.000,0.000,0.000,-1
1697,0.000,0.000,0.000,0.000,0.000,-1
1698,0.000,0.000,0.000,0.000,0.000,-1
1699,0.000,0.000,0.000,0.000,0.000,-1
1700,0.000,0.000,0.000,0.000,0.000,-1
1701,0.000,0.000,0.000,0.000,0.000,-1
1702,0.000,0.000,0.000,0.000,0.000,-1
1703,0.000,0.000,0.000,0.000,0.000,-1
1704,0.000,0.000,0.000,0.000,0.000,-1
1705,0.000,0.000,0.000,0.000,0.000,-1
1706,0.000,0.000,0.000,0.000,0.000,-1
1707,0.000,0.000,0.000,0.000,0.000,-1
1708,0.000,0.000,0.000,0.000,0.000,-1
1709,0.000,0.000,0.000,0.000,0.000,-1
1710,0.000,0.000,0.000,0.000,0.000,-1
1711,0.000,0.000,0.000,0.000,0.000,-1
1712,0.000,0.000,0.000,0.000,0.000,-1
1713,0.000,0.000,0.000,0.000,0.000,-1
1714,0.000,0.000,0.000,0.000,0.000,-1
1715,0.000,0.000,0.000,0.000,0.000,-1
1716,0.000,0.000,0.000,0.000,0.000,-1
1717,0.000,0.000,0.000,0.000,0.000,-1
1718,0.000,0.000,0.000,0.000,0.000,-1
1719,0.000,0.000,0.000,0.000,0.000,-1
1720,0.000,0.000,0.000,0.000,0.000,-1
1721,0.000,0.000,0.000,0.000,0.000,-1
1722,0.000,0.000,0.000,0.000,0.000,-1
1723,0.000,0.000,0.000,0.000,0.000,-1
1724,0.000,0.000,0.000,0.000,0.000,-1
1725,0.000,0.000,0.000,0.000,0.000,-1
1726,0.000,0.000,0.000,0.000,0.000,-1
1727,0.000,0.000,0.000,0.000,0.000,-1
1728,0.000,0.000,0.000,0.000,0.000,-1
1729,0.000,0.000,0.000,0.000,0.000,-1
1730,0.000,0.000,0.000,0.000,0.000,-1
1731,0.000,0.000,0.000,0.000,0.000,-1
1732,0.000,0.000,0.000,0.000,0.000,-1
1733,0.000,0.000,0.000,0.000,0.000,-1
1734,0.000,0.000,0.000,0.000,0.000,-1
1735,0.000,0.000,0.000,0.000,0.000,-1
1736,0.000,0.000,0.000,0.000,0.000,-1
1737,0.000,0.000,0.000,0.000,0.000,-1
1738,0.000,0.000,0.000,0.000,0.000,-1
1739,0.000,0.000,0.000,0.000,0.000,-1
1740,0.000,0.000,0.000,0.000,0.000,-1
1741,0.000,0.000,0.000,0.000,0.000,-1
1742,0.000,0.000,0.000,0.000,0.000,-1
1743,0.000,0.000,0.000,0.000,0.000,-1
1744,0.000,0.000,0.000,0.000,0.000,-1
1745,0.000,0.000,0.000,0.000,0.000,-1
1746,0.000,0.000,0.000,0.000,0.000,-1
1747,0.000,0.000,0.000,0.000,0.000,-1
1748,0.000,0.000,0.000,0.000,0.000,-1
1749,0.000,0.000,0.000,0.000,0.000,-1
1750,0.000,0.000,0.000,0.000,0.000,-1
1751,0.000,0.000,0.000,0.000,0.000,-1
1752,0.000,0.000,0.000,0.000,0.000,-1
1753,0.000,0.000,0.000,0.000,0.000,-1
1754,0.000,0.000,0.000,0.000,0.000,-1
1755,0.000,0.000,0.000,0.000,0.000,-1
1756,0.000,0.000,0.000,0.000,0.000,-1
1757,0.000,0.000,0.000,0.000,0.000,-1
1758,0.000,0.000,0.000,0.000,0.000,-1
1759,0.000,0.000,0.000,0.000,0.000,-1
1760,0.000,0.000,0.000,0.000,0.000,-1
1761,0.000,0.000,0.000,0.000,0.000,-1
1762,0.000,0.000,0.000,0.000,0.000,-1
1763,0.000,0.000,0.000,0.000,0.000,-1
1764,0.000,0.000,0.000,0.000,0.000,-1
1765,0.000,0.000,0.000,0.000,0.000,-1
1766,0.000,0.000,0.000,0.000,0.000,-1
1767,0.000,0.000,0.000,0.000,0.000,-1
1768,0.000,0.000,0.000,0.000,0.000,-1
1769,0.000,0.000,0.000,0.000,0.000,-1
1770,0.000,0.000,0.000,0.000,0.000,-1
1771,0.000,0.000,0.000,0.000,0.000,-1
1772,0.000,0.000,0.000,0.000,0.000,-1
1773,0.000,0.000,0.000,0.000,0.000,-1
1774,0.000,0.000,0.000,0.000,0.000,-1
1775,0.000,0.000,0.000,0.000,0.000,-1
1776,0.000,0.000,0.000,0.000,0.000,-1
1777,0.000,0.000,0.000,0.000,0.000,-1
1778,0.000,0.000,0.000,0.000,0.000,-1
1779,0.000,0.000,0.000,0.000,0.000,-1
1780,0.000,0.000,0.000,0.000,0.000,-1
1781,0.000,0.000,0.000,0.000,0.000,-1
1782,0.000,0.000,0.000,0.000,0.000,-1
1783,0.000,0.000,0.000,0.000,0.000,-1
1784,0.000,0.000,0.000,0.000,0.000,-1
1785,0.000,0.000,0.000,0.000,0.000,-1
1786,0.000,0.000,0.000,0.000,0.000,-1
1787,0.000,0.000,0.000,0.000,0.000,-1
1788,0.000,0.000,0.000,0.000,0.000,-1
1789,0.000,0.000,0.000,0.000,0.000,-1
1790,0.000,0.000,0.000,0.000,0.000,-1
1791,0.000,0.000,0.000,0.000,0.000,-1
1792,0.000,0.000,0.000,0.000,0.000,-1
1793,0.000,0.000,0.000,0.000,0.000,-1
1794,0.000,0.000,0.000,0.000,0.000,-1
1795,0.000,0.000,0.000,0.000,0.000,-1
1796,0.000,0.000,0.000,0.000,0.000,-1
1797,0.000,0.000,0.000,0.000,0.000,-1
1798,0.000,0.000,0.000,0.000,0.000,-1
1799,0.000,0.000,0.000,0.000,0.000,-1
1800,0.000,0.000,0.000,0.000,0.000,-1
1801,0.000,0.000,0.000,0.000,0.000,-1
1802,0.000,0.000,0.000,0.000,0.000,-1
1803,0.000,0.000,0.000,0.000,0.000,-1
1804,0.000,0.000,0.000,0.000,0.000,-1
1805,0.000,0.000,0.000,0.000,0.000,-1
1806,0.000,0.000,0.000,0.000,0.000,-1
1807,0.000,0.000,0.000,0.000,0.000,-1
1808,0.000,0.000,0.000,0.000,0.000,-1
1809,0.000,0.000,0.000,0.000,0.000,-1
1810,0.000,0.000,0.000,0.000,0.000,-1
1811,0.000,0.000,0.000,0.000,0.000,-1
1812,0.000,0.000,0.000,0.000,0.000,-1
1813,0.000,0.000,0.000,0.000,0.000,-1
1814,0.000,0.000,0.000,0.000,0.000,-1
1815,0.000,0.000,0.000,0.000,0.000,-1
1816,0.000,0.000,0.000,0.000,0.000,-1
1817,0.000,0.000,0.000,0.000,0.000,-1
1818,0.000,0.000,0.000,0.000,0.000,-1
1819,0.000,0.000,0.000,0.000,0.000,-1
1820,0.000,0.000,0.000,0.000,0.000,-1
1821,0.000,0.000,0.000,0.000,0.000,-1
1822,0.000,0.000,0.000,0.000,0.000,-1
1823,0.000,0.000,0.000,0.000,0.000,-1
1824,0.000,0.000,0.000,0.000,0.000,-1
1825,0.000,0.000,0.000,0.000,0.000,-1
1826,0.000,0.000,0.000,0.000,0.000,-1
1827,0.000,0.000,0.000,0.000,0.000,-1
1828,0.000,0.000,0.000,0.000,0.000,-1
1829,0.000,0.000,0.000,0.000,0.000,-1
1830,0.000,0.000,0.000,0.000,0.000,-1
1831,0.000,0.000,0.000,0.000,0.000,-1
1832,0.000,0.000,0.000,0.000,0.000,-1
1833,0.000,0.000,0.000,0.000,0.000,-1
1834,0.000,0.000,0.000,0.000,0.000,-1
1835,0.000,0.000,0.000,0.000,0.000,-1
1836,0.000,0.000,0.000,0.000,0.000,-1
1837,0.000,0.000,0.000,0.000,0.000,-1
1838,0.000,0.000,0.000,0.000,0.000,-1
1839,0.000,0.000,0.000,0.000,0.000,-1
1840,0.000,0.000,0.000,0.000,0.000,-1
1841,0.000,0.000,0.000,0.000,0.000,-1
1842,0.000,0.000,0.000,0.000,0.000,-1
1843,0.000,0.000,0.000,0.000,0.000,-1
1844,0.000,0.000,0.000,0.000,0.000,-1
1845,0.000,0.000,0.000,0.000,0.000,-1
1846,0.000,0.000,0.000,0.000,0.000,-1
1847,0.000,0.000,0.000,0.000,0.000,-1
1848,0.000,0.000,0.000,0.000,0.000,-1
1849,0.000,0.000,0.000,0.000,0.000,-1
1850,0.000,0.000,0.000,0.000,0.000,-1
1851,0.000,0.000,0.000,0.000,0.000,-1
1852,0.000,0.000,0.000,0.000,0.000,-1
1853,0.000,0.000,0.000,0.000,0.000,-1
1854,0.000,0.000,0.000,0.000,0.000,-1
1855,0.000,0.000,0.000,0.000,0.000,-1
1856,0.000,0.000,0.000,0.000,0.000,-1
1857,0.000,0.000,0.000,0.000,0.000,-1
1858,0.000,0.000,0.000,0.000,0.000,-1
1859,0.000,0.000,0.000,0.000,0.000,-1
1860,0.000,0.000,0.000,0.000,0.000,-1
1861,0.000,0.000,0.000,0.000,0.000,-1
1862,0.000,0.000,0.000,0.000,0.000,-1
1863,0.000,0.000,0.000,0.000,0.000,-1
1864,0.000,0.000,0.000,0.000,0.000,-1
1865,0.000,0.000,0.000,0.000,0.000,-1
1866,0.000,0.000,0.000,0.000,0.000,-1
1867,0.000,0.000,0.000,0.000,0.000,-1
1868,0.000,0.000,0.000,0.000,0.000,-1
1869,0.000,0.000,0.000,0.000,0.000,-1
1870,0.000,0.000,0.000,0.000,0.000,-1
1871,0.000,0.000,0.000,0.000,0.000,-1
1872,0.000,0.000,0.000,0.000,0.000,-1
1873,0.000,0.000,0.000,0.000,0.000,-1
1874,0.000,0.000,0.000,0.000,0.000,-1
1875,0.000,0.000,0.000,0.000,0.000,-1
1876,0.000,0.000,0.000,0.000,0.000,-1
1877,0.000,0.000,0.000,0.000,0.000,-1
1878,0.000,0.000,0.000,0.000,0.000,-1
1879,0.000,0.000,0.000,0.000,0.000,-1
1880,0.000,0.000,0.000,0.000,0.000,-1
1881,0.000,0.000,0.000,0.000,0.000,-1
1882,0.000,0.000,0.000,0.000,0.000,-1
1883,0.000,0.000,0.000,0.000,0.000,-1
1884,0.000,0.000,0.000,0.000,0.000,-1
1885,0.000,0.000,0.000,0.000,0.000,-1
1886,0.000,0.000,0.000,0.000,0.000,-1
1887,0.000,0.000,0.000,0.000,0.000,-1
1888,0.000,0.000,0.000,0.000,0.000,-1
1889,0.000,0.000,0.000,0.000,0.000,-1
1890,0.000,0.000,0.000,0.000,0.000,-1
1891,0.000,0.000,0.000,0.000,0.000,-1
1892,0.000,0.000,0.000,0.000,0.000,-1
1893,0.000,0.000,0.000,0.000,0.000,-1
1894,0.000,0.000,0.000,0.000,0.000,-1
1895,0.000,0.000,0.000,0.000,0.000,-1
1896,0.000,0.000,0.000,0.000,0.000,-1
1897,0.000,0.000,0.000,0.000,0.000,-1
1898,0.000,0.000,0.000,0.000,0.000,-1
1899,0.000,0.000,0.000,0.000,0.000,-1
1900,0.000,0.000,0.000,0.000,0.000,-1
1901,0.000,0.000,0.000,0.000,0.000,-1
1902,0.000,0.000,0.000,0.000,0.000,-1
1903,0.000,0.000,0.000,0.000,0.000,-1
1904,0.000,0.000,0.000,0.000,0.000,-1
1905,0.000,0.000,0.000,0.000,0.000,-1
1906,0.000,0.000,0.000,0.000,0.000,-1
1907,0.000,0.000,0.000,0.000,0.000,-1
1908,0.000,0.000,0.000,0.000,0.000,-1
1909,0.000,0.000,0.000,0.000,0.000,-1
1910,0.000,0.000,0.000,0.000,0.000,-1
1911,0.000,0.000,0.000,0.000,0.000,-1
1912,0.000,0.000,0.000,0.000,0.000,-1
1913,0.000,0.000,0.000,0.000,0.000,-1
1914,0.000,0.000,0.000,0.000,0.000,-1
1915,0.000,0.000,0.000,0.000,0.000,-1
1916,0.000,0.000,0.000,0.000,0.000,-1
1917,0.000,0.000,0.000,0.000,0.000,-1
1918,0.000,0.000,0.000,0.000,0.000,-1
1919,0.000,0.000,0.000,0.000,0.000,-1
1920,0.000,0.000,0.000,0.000,0.000,-1
1921,0.000,0.000,0.000,0.000,0.000,-1
1922,0.000,0.000,0.000,0.000,0.000,-1
1923,0.000,0.000,0.000,0.000,0.000,-1
1924,0.000,0.000,0.000,0.000,0.000,-1
1925,0.000,0.000,0.000,0.000,0.000,-1
1926,0.000,0.000,0.000,0.000,0.000,-1
1927,0.000,0.000,0.000,0.000,0.000,-1
1928,0.000,0.000,0.000,0.000,0.000,-1
1929,0.000,0.000,0.000,0.000,0.000,-1
1930,0.000,0.000,0.000,0.000,0.000,-1
1931,0.000,0.000,0.000,0.000,0.000,-1
1932,0.000,0.000,0.000,0.000,0.000,-1
1933,0.000,0.000,0.000,0.000,0.000,-1
1934,0.000,0.000,0.000,0.000,0.000,-1
1935,0.000,0.000,0.000,0.000,0.000,-1
1936,0.000,0.000,0.000,0.000,0.000,-1
1937,0.000,0.000,0.000,0.000,0.000,-1
1938,0.000,0.000,0.000,0.000,0.000,-1
1939,0.000,0.000,0.000,0.000,0.000,-1
1940,0.000,0.000,0.000,0.000,0.000,-1
1941,0.000,0.000,0.000,0.000,0.000,-1
1942,0.000,0.000,0.000,0.000,0.800,-1
1943,0.000,0.000,0.000,0.000,0.630,-1
1944,0.000,0.000,0.000,0.000,0.467,-1
1945,0.000,0.000,0.000,0.000,0.301,-1
1946,0.000,0.000,0.000,0.000,0.127,-1
1947,0.000,0.000,0.000,0.000,0.800,-1
1948,0.000,0.000,0.000,0.000,0.720,-1
1949,0.000,0.000,0.000,0.000,0.562,-1
1950,0.000,0.000,0.000,0.000,0.401,-1
1951,0.000,0.000,0.000,0.000,0.240,-1
1952,0.000,0.000,0.000,0.000,0.770,-1
1953,0.000,0.000,0.000,0.000,0.596,-1
1954,0.000,0.000,0.000,0.000,0.425,-1
1955,0.000,0.000,0.000,0.000,0.254,-1
1956,0.000,0.000,0.000,0.000,0.085,-1
1957,0.000,0.000,0.000,0.000,0.000,-1
1958,0.000,0.000,0.000,0.000,0.000,-1
1959,0.000,0.000,0.000,0.000,0.000,-1
1960,0.000,0.000,0.000,0.000,0.000,-1
1961,0.000,0.000,0.000,0.000,0.000,-1
1962,0.000,0.000,0.000,0.000,0.000,-1
1963,0.000,0.000,0.000,0.000,0.000,-1
1964,0.000,0.000,0.000,0.000,0.000,-1
1965,0.000,0.000,0.000,0.000,0.000,-1
1966,0.000,0.000,0.000,0.000,0.000,-1
1967,0.000,0.000,0.000,0.000,0.000,-1
1968,0.000,0.000,0.000,0.000,0.000,-1
1969,0.000,0.000,0.000,0.000,0.000,-1
1970,0.000,0.000,0.000,0.000,0.000,-1
1971,0.000,0.000,0.000,0.000,0.000,-1
1972,0.000,0.000,0.000,0.000,0.000,-1
1973,0.000,0.000,0.000,0.000,0.000,-1
1974,0.000,0.000,0.000,0.000,0.000,-1
1975,0.000,0.000,0.000,0.000,0.000,-1
1976,0.000,0.000,0.000,0.000,0.000,-1
1977,0.000,0.000,0.000,0.000,0.000,-1
1978,0.000,0.000,0.000,0.000,0.000,-1
1979,0.000,0.000,0.000,0.000,0.000,-1
1980,0.000,0.000,0.000,0.000,0.000,-1
1981,0.000,0.000,0.000,0.000,0.000,-1
1982,0.000,0.000,0.000,0.000,0.000,-1
1983,0.000,0.000,0.000,0.000,0.000,-1
1984,0.000,0.000,0.000,0.000,0.800,-1
1985,0.000,0.000,0.000,0.000,0.774,-1
1986,0.000,0.000,0.000,0.000,0.607,-1
1987,0.000,0.000,0.000,0.000,0.439,-1
1988,0.000,0.000,0.000,0.000,0.266,-1
1989,0.000,0.000,0.000,0.000,0.800,-1
1990,0.000,0.000,0.000,0.000,0.800,-1
1991,0.000,0.000,0.000,0.000,0.800,-1
1992,0.000,0.000,0.000,0.000,0.800,-1
1993,0.000,0.000,0.000,0.000,0.620,-1
1994,0.000,0.000,0.000,0.000,0.449,-1
1995,0.000,0.000,0.000,0.000,0.279,-1
1996,0.000,0.000,0.000,0.000,0.113,-1
1997,0.000,0.000,0.000,0.000,0.800,-1
1998,0.000,0.000,0.000,0.000,0.800,-1
1999,0.000,0.000,0.000,0.000,0.800,-1
2000,0.000,0.000,0.000,0.000,0.800,-1
2001,0.000,0.000,0.000,0.000,0.800,-1
2002,0.000,0.000,0.000,0.000,0.800,-1
2003,0.000,0.000,0.000,0.000,0.800,-1
2004,0.000,0.000,0.000,0.000,0.800,-1
2005,0.000,0.000,0.000,0.000,0.800,-1
2006,0.000,0.000,0.000,0.000,0.717,-1
2007,0.000,0.000,0.000,0.000,0.771,-1
2008,0.000,0.000,0.000,0.000,0.607,-1
2009,0.000,0.000,0.000,0.000,0.444,-1
2010,0.000,0.000,0.000,0.000,0.745,-1
2011,0.000,0.000,0.000,0.000,0.584,-1
2012,0.000,0.000,0.000,0.000,0.420,-1
2013,0.000,0.000,0.000,0.000,0.254,-1
2014,0.000,0.000,0.000,0.000,0.800,-1
2015,0.000,0.000,0.000,0.000,0.800,-1
2016,0.000,0.000,0.000,0.000,0.800,-1
2017,0.000,0.000,0.000,0.000,0.719,-1
2018,0.000,0.000,0.000,0.000,0.800,-1
2019,0.000,0.000,0.000,0.000,0.800,-1
2020,0.000,0.000,0.000,0.000,0.800,-1
2021,0.000,0.000,0.000,0.000,0.800,-1
2022,0.000,0.000,0.000,0.000,0.800,-1
2023,0.000,0.000,0.000,0.000,0.800,-1
2024,0.000,0.000,0.000,0.000,0.800,-1
2025,0.000,0.000,0.000,0.000,0.800,-1
2026,0.000,0.000,0.000,0.000,0.744,-1
2027,0.000,0.000,0.000,0.000,0.580,-1
2028,0.000,0.000,0.000,0.000,0.800,-1
2029,0.000,0.000,0.000,0.000,0.800,-1
2030,0.000,0.000,0.000,0.000,0.800,-1
2031,0.000,0.000,0.000,0.000,0.800,-1
2032,0.000,0.000,0.000,0.000,0.741,-1
2033,0.000,0.000,0.000,0.000,0.800,-1
2034,0.000,0.000,0.000,0.000,0.714,-1
2035,0.000,0.000,0.000,0.000,0.548,-1
2036,0.000,0.000,0.000,0.000,0.800,-1
2037,0.000,0.000,0.000,0.000,0.693,-1
2038,0.000,0.000,0.000,0.000,0.800,-1
2039,0.000,0.000,0.000,0.000,0.800,-1
2040,0.000,0.000,0.000,0.000,0.634,-1
2041,0.000,0.000,0.000,0.000,0.470,-1
2042,0.000,0.000,0.000,0.000,0.800,-1
2043,0.000,0.000,0.000,0.000,0.800,-1
2044,0.000,0.000,0.000,0.000,0.800,-1
2045,0.000,0.000,0.000,0.000,0.800,-1
2046,0.000,0.000,0.000,0.000,0.800,-1
2047,0.000,0.000,0.000,0.000,0.691,-1
2048,0.000,0.000,0.000,0.000,0.800,-1
2049,0.000,0.000,0.000,0.000,0.800,-1
2050,0.000,0.000,0.000,0.000,0.800,-1
2051,0.000,0.000,0.000,0.000,0.800,-1
2052,0.000,0.000,0.000,0.000,0.773,-1
2053,0.000,0.000,0.000,0.000,0.800,-1
2054,0.000,0.000,0.000,0.000,0.621,-1
2055,0.000,0.000,0.000,0.000,0.445,-1
2056,0.000,0.000,0.000,0.000,0.268,-1
2057,0.000,0.000,0.000,0.000,0.097,-1
2058,0.000,0.000,0.000,0.000,0.000,-1
2059,0.000,0.000,0.000,0.000,0.000,-1
2060,0.000,0.000,0.000,0.000,0.000,-1
2061,0.000,0.000,0.000,0.000,0.000,-1
2062,0.000,0.000,0.000,0.000,0.000,-1
2063,0.000,0.000,0.000,0.000,0.000,-1
2064,0.000,0.000,0.000,0.000,0.000,-1
2065,0.000,0.000,0.000,0.000,0.000,-1
2066,0.000,0.000,0.000,0.000,0.000,-1
2067,0.000,0.000,0.000,0.000,0.000,-1
2068,0.000,0.000,0.000,0.000,0.000,-1
2069,0.000,0.000,0.000,0.000,0.000,-1
2070,0.000,0.000,0.000,0.000,0.000,-1
2071,0.000,0.000,0.000,0.000,0.000,-1
2072,0.000,0.000,0.000,0.000,0.000,-1
2073,0.000,0.000,0.000,0.000,0.000,-1
2074,0.000,0.000,0.000,0.000,0.000,-1
2075,0.000,0.000,0.000,0.000,0.000,-1
2076,0.000,0.000,0.000,0.000,0.000,-1
2077,0.000,0.000,0.000,0.000,0.000,-1
2078,0.000,0.000,0.000,0.000,0.000,-1
2079,0.000,0.000,0.000,0.000,0.000,-1
2080,0.000,0.000,0.000,0.000,0.000,-1
2081,0.000,0.000,0.000,0.000,0.000,-1
2082,0.000,0.000,0.000,0.000,0.000,-1
2083,0.000,0.000,0.000,0.000,0.000,-1
2084,0.000,0.000,0.000,0.000,0.000,-1
2085,0.000,0.000,0.000,0.000,0.000,-1
2086,0.000,0.000,0.000,0.000,0.000,-1
2087,0.000,0.000,0.000,0.000,0.000,-1
2088,0.000,0.000,0.000,0.000,0.000,-1
2089,0.000,0.000,0.000,0.000,0.000,-1
2090,0.000,0.000,0.000,0.000,0.000,-1
2091,0.000,0.000,0.000,0.000,0.000,-1
2092,0.000,0.000,0.000,0.000,0.000,-1
2093,0.000,0.000,0.000,0.000,0.000,-1
2094,0.000,0.000,0.000,0.000,0.000,-1
2095,0.000,0.000,0.000,0.000,0.000,-1
2096,0.000,0.000,0.000,0.000,0.000,-1
2097,0.000,0.000,0.000,0.000,0.000,-1
2098,0.000,0.000,0.000,0.000,0.000,-1
2099,0.000,0.000,0.000,0.000,0.000,-1
2100,0.000,0.000,0.000,0.000,0.000,-1
2101,0.000,0.000,0.000,0.000,0.000,-1
2102,0.000,0.000,0.000,0.000,0.000,-1
2103,0.000,0.000,0.000,0.000,0.000,-1
2104,0.000,0.000,0.000,0.000,0.000,-1
2105,0.000,0.000,0.000,0.000,0.000,-1
2106,0.000,0.000,0.000,0.000,0.000,-1
2107,0.000,0.000,0.000,0.000,0.000,-1
2108,0.000,0.000,0.000,0.000,0.000,-1
2109,0.000,0.000,0.000,0.000,0.000,-1
2110,0.000,0.000,0.000,0.000,0.000,-1
2111,0.000,0.000,0.000,0.000,0.000,-1
2112,0.000,0.000,0.000,0.000,0.000,-1
2113,0.000,0.000,0.000,0.000,0.000,-1
2114,0.000,0.000,0.000,0.000,0.000,-1
2115,0.000,0.000,0.000,0.000,0.000,-1
2116,0.000,0.000,0.000,0.000,0.000,-1
2117,0.000,0.000,0.000,0.000,0.000,-1
2118,0.000,0.000,0.000,0.000,0.000,-1
2119,0.000,0.000,0.000,0.000,0.000,-1
2120,0.000,0.000,0.000,0.000,0.000,-1
2121,0.000,0.000,0.000,0.000,0.000,-1
2122,0.000,0.000,0.000,0.000,0.000,-1
2123,0.000,0.000,0.000,0.000,0.000,-1
2124,0.000,0.000,0.000,0.000,0.000,-1
2125,0.000,0.000,0.000,0.000,0.000,-1
2126,0.000,0.000,0.000,0.000,0.000,-1
2127,0.000,0.000,0.000,0.000,0.000,-1
2128,0.000,0.000,0.000,0.000,0.000,-1
2129,0.000,0.000,0.000,0.000,0.000,-1
2130,0.000,0.000,0.000,0.000,0.776,-1
2131,0.000,0.000,0.000,0.000,0.622,-1
2132,0.000,0.000,0.000,0.000,0.450,-1
2133,0.000,0.000,0.000,0.000,0.294,-1
2134,0.000,0.000,0.000,0.000,0.134,-1
2135,0.000,0.000,0.000,0.000,0.000,-1
2136,0.000,0.000,0.000,0.000,0.774,-1
2137,0.000,0.000,0.000,0.000,0.613,-1
2138,0.000,0.000,0.000,0.000,0.449,-1
2139,0.000,0.000,0.000,0.000,0.294,-1
2140,0.000,0.000,0.000,0.000,0.138,-1
2141,0.000,0.000,0.000,0.000,0.800,-1
2142,0.000,0.000,0.000,0.000,0.800,-1
2143,0.000,0.000,0.000,0.000,0.800,-1
2144,0.000,0.000,0.000,0.000,0.800,-1
2145,0.000,0.000,0.000,0.000,0.800,-1
2146,0.000,0.000,0.000,0.000,0.724,-1
2147,0.000,0.000,0.000,0.000,0.571,-1
2148,0.000,0.000,0.000,0.000,0.417,-1
2149,0.000,0.000,0.000,0.000,0.800,-1
2150,0.000,0.000,0.000,0.000,0.646,-1
2151,0.000,0.000,0.000,0.000,0.495,-1
2152,0.000,0.000,0.000,0.000,0.342,-1
2153,0.000,0.000,0.000,0.000,0.800,-1
2154,0.000,0.000,0.000,0.000,0.800,-1
2155,0.000,0.000,0.000,0.000,0.800,-1
2156,0.000,0.000,0.000,0.000,0.800,-1
2157,0.000,0.000,0.000,0.000,0.800,-1
2158,0.000,0.000,0.000,0.000,0.800,-1
2159,0.000,0.000,0.000,0.000,0.800,-1
2160,0.000,0.000,0.000,0.000,0.675,-1
2161,0.000,0.000,0.000,0.000,0.501,-1
2162,0.000,0.000,0.000,0.000,0.348,-1
2163,0.000,0.000,0.000,0.000,0.197,-1
2164,0.000,0.000,0.000,0.000,0.024,-1
2165,0.000,0.000,0.000,0.000,0.000,-1
2166,0.000,0.000,0.000,0.000,0.000,-1
2167,0.000,0.000,0.000,0.000,0.000,-1
2168,0.000,0.000,0.000,0.000,0.000,-1
2169,0.000,0.000,0.000,0.000,0.000,-1
2170,0.000,0.000,0.000,0.000,0.800,-1
2171,0.000,0.000,0.000,0.000,0.800,-1
2172,0.000,0.000,0.000,0.000,0.800,-1
2173,0.000,0.000,0.000,0.000,0.800,-1
2174,0.000,0.000,0.000,0.000,0.726,-1
2175,0.000,0.000,0.000,0.000,0.564,-1
2176,0.000,0.000,0.000,0.000,0.402,-1
2177,0.000,0.000,0.000,0.000,0.248,-1
2178,0.000,0.000,0.000,0.000,0.096,-1
2179,0.000,0.000,0.000,0.000,0.000,-1
2180,0.000,0.000,0.000,0.000,0.000,-1
2181,0.000,0.000,0.000,0.000,0.000,-1
2182,0.000,0.000,0.000,0.000,0.000,-1
2183,0.000,0.000,0.000,0.000,0.800,-1
2184,0.000,0.000,0.000,0.000,0.673,-1
2185,0.000,0.000,0.000,0.000,0.515,-1
2186,0.000,0.000,0.000,0.000,0.362,-1
2187,0.000,0.000,0.000,0.000,0.208,-1
2188,0.000,0.000,0.000,0.000,0.055,-1
2189,0.000,0.000,0.000,0.000,0.000,-1
2190,0.000,0.000,0.000,0.000,0.000,-1
2191,0.000,0.000,0.000,0.000,0.000,-1
2192,0.000,0.000,0.000,0.000,0.000,-1
2193,0.000,0.000,0.000,0.000,0.000,-1
2194,0.000,0.000,0.000,0.000,0.000,-1
2195,0.000,0.000,0.000,0.000,0.000,-1
2196,0.000,0.000,0.000,0.000,0.800,-1
2197,0.000,0.000,0.000,0.000,0.776,-1
2198,0.000,0.000,0.000,0.000,0.600,-1
2199,0.000,0.000,0.000,0.000,0.449,-1
2200,0.000,0.000,0.000,0.000,0.275,-1
2201,0.000,0.000,0.000,0.000,0.800,-1
2202,0.000,0.000,0.000,0.000,0.752,-1
2203,0.000,0.000,0.000,0.000,0.598,-1
2204,0.000,0.000,0.000,0.000,0.427,-1
2205,0.000,0.000,0.000,0.000,0.251,-1
2206,0.000,0.000,0.000,0.000,0.100,-1
2207,0.000,0.000,0.000,0.000,0.000,-1
2208,0.000,0.000,0.000,0.000,0.000,-1
2209,0.000,0.000,0.000,0.000,0.000,-1
2210,0.000,0.000,0.000,0.000,0.000,-1
2211,0.000,0.000,0.000,0.000,0.000,-1
2212,0.000,0.000,0.000,0.000,0.000,-1
2213,0.000,0.000,0.000,0.000,0.000,-1
2214,0.000,0.000,0.000,0.000,0.000,-1
2215,0.000,0.000,0.000,0.000,0.000,-1
2216,0.000,0.000,0.000,0.000,0.000,-1
2217,0.000,0.000,0.000,0.000,0.000,-1
2218,0.000,0.000,0.000,0.000,0.000,-1
2219,0.000,0.000,0.000,0.000,0.000,-1
2220,0.000,0.000,0.000,0.000,0.000,-1
2221,0.000,0.000,0.000,0.000,0.000,-1
2222,0.000,0.000,0.000,0.000,0.000,-1
2223,0.000,0.000,0.000,0.000,0.000,-1
2224,0.000,0.000,0.000,0.000,0.000,-1
2225,0.000,0.000,0.000,0.000,0.000,-1
2226,0.000,0.000,0.000,0.000,0.000,-1
2227,0.000,0.000,0.000,0.000,0.000,-1
2228,0.000,0.000,0.000,0.000,0.000,-1
2229,0.000,0.000,0.000,0.000,0.000,-1
2230,0.000,0.000,0.000,0.000,0.000,-1
2231,0.000,0.000,0.000,0.000,0.000,-1
2232,0.000,0.000,0.000,0.000,0.000,-1
2233,0.000,0.000,0.000,0.000,0.000,-1
2234,0.000,0.000,0.000,0.000,0.000,-1
2235,0.000,0.000,0.000,0.000,0.000,-1
2236,0.000,0.000,0.000,0.000,0.000,-1
2237,0.000,0.000,0.000,0.000,0.000,-1
2238,0.000,0.000,0.000,0.000,0.000,-1
2239,0.000,0.000,0.000,0.000,0.000,-1
2240,0.000,0.000,0.000,0.000,0.000,-1
2241,0.000,0.000,0.000,0.000,0.000,-1
2242,0.000,0.000,0.000,0.000,0.000,-1
2243,0.000,0.000,0.000,0.000,0.000,-1
2244,0.000,0.000,0.000,0.000,0.000,-1
2245,0.000,0.000,0.000,0.000,0.000,-1
2246,0.000,0.000,0.000,0.000,0.000,-1
2247,0.000,0.000,0.000,0.000,0.000,-1
2248,0.000,0.000,0.000,0.000,0.000,-1
2249,0.000,0.000,0.000,0.000,0.000,-1
2250,0.000,0.000,0.000,0.000,0.000,-1
2251,0.000,0.000,0.000,0.000,0.000,-1
2252,0.000,0.000,0.000,0.000,0.000,-1
2253,0.000,0.000,0.000,0.000,0.000,-1
2254,0.000,0.000,0.000,0.000,0.000,-1
2255,0.000,0.000,0.000,0.000,0.000,-1
2256,0.000,0.000,0.000,0.000,0.000,-1
2257,0.000,0.000,0.000,0.000,0.000,-1
2258,0.000,0.000,0.000,0.000,0.000,-1
2259,0.000,0.000,0.000,0.000,0.000,-1
2260,0.000,0.000,0.000,0.000,0.000,-1
2261,0.000,0.000,0.000,0.000,0.000,-1
2262,0.000,0.000,0.000,0.000,0.000,-1
2263,0.000,0.000,0.000,0.000,0.000,-1
2264,0.000,0.000,0.000,0.000,0.000,-1
2265,0.000,0.000,0.000,0.000,0.000,-1
2266,0.000,0.000,0.000,0.000,0.000,-1
2267,0.000,0.000,0.000,0.000,0.000,-1
2268,0.000,0.000,0.000,0.000,0.000,-1
2269,0.000,0.000,0.000,0.000,0.000,-1
2270,0.000,0.000,0.000,0.000,0.000,-1
2271,0.000,0.000,0.000,0.000,0.000,-1
2272,0.000,0.000,0.000,0.000,0.000,-1
2273,0.000,0.000,0.000,0.000,0.000,-1
2274,0.000,0.000,0.000,0.000,0.000,-1
2275,0.000,0.000,0.000,0.000,0.000,-1
2276,0.000,0.000,0.000,0.000,0.000,-1
2277,0.000,0.000,0.000,0.000,0.000,-1
2278,0.000,0.000,0.000,0.000,0.000,-1
2279,0.000,0.000,0.000,0.000,0.000,-1
2280,0.000,0.000,0.000,0.000,0.000,-1
2281,0.000,0.000,0.000,0.000,0.000,-1
2282,0.000,0.000,0.000,0.000,0.000,-1
2283,0.000,0.000,0.000,0.000,0.000,-1
2284,0.000,0.000,0.000,0.000,0.000,-1
2285,0.000,0.000,0.000,0.000,0.000,-1
2286,0.000,0.000,0.000,0.000,0.000,-1
2287,0.000,0.000,0.000,0.000,0.000,-1
2288,0.000,0.000,0.000,0.000,0.000,-1
2289,0.000,0.000,0.000,0.000,0.000,-1
2290,0.000,0.000,0.000,0.000,0.000,-1
2291,0.000,0.000,0.000,0.000,0.000,-1
2292,0.000,0.000,0.000,0.000,0.000,-1
2293,0.000,0.000,0.000,0.000,0.000,-1
2294,0.000,0.000,0.000,0.000,0.000,-1
2295,0.000,0.000,0.000,0.000,0.000,-1
2296,0.000,0.000,0.000,0.000,0.000,-1
2297,0.000,0.000,0.000,0.000,0.000,-1
2298,0.000,0.000,0.000,0.000,0.000,-1
2299,0.000,0.000,0.000,0.000,0.000,-1
2300,0.000,0.000,0.000,0.000,0.000,-1
2301,0.000,0.000,0.000,0.000,0.000,-1
2302,0.000,0.000,0.000,0.000,0.000,-1
2303,0.000,0.000,0.000,0.000,0.000,-1
2304,0.000,0.000,0.000,0.000,0.000,-1
2305,0.000,0.000,0.000,0.000,0.000,-1
2306,0.000,0.000,0.000,0.000,0.000,-1
2307,0.000,0.000,0.000,0.000,0.000,-1
2308,0.000,0.000,0.000,0.000,0.000,-1
2309,0.000,0.000,0.000,0.000,0.000,-1
2310,0.000,0.000,0.000,0.000,0.000,-1
2311,0.000,0.000,0.000,0.000,0.000,-1
2312,0.000,0.000,0.000,0.000,0.000,-1
2313,0.000,0.000,0.000,0.000,0.000,-1
2314,0.000,0.000,0.000,0.000,0.000,-1
2315,0.000,0.000,0.000,0.000,0.000,-1
2316,0.000,0.000,0.000,0.000,0.000,-1
2317,0.000,0.000,0.000,0.000,0.000,-1
2318,0.000,0.000,0.000,0.000,0.000,-1
2319,0.000,0.000,0.000,0.000,0.000,-1
2320,0.000,0.000,0.000,0.000,0.000,-1
2321,0.000,0.000,0.000,0.000,0.000,-1
2322,0.000,0.000,0.000,0.000,0.000,-1
2323,0.000,0.000,0.000,0.000,0.000,-1
2324,0.000,0.000,0.000,0.000,0.000,-1
2325,0.000,0.000,0.000,0.000,0.000,-1
2326,0.000,0.000,0.000,0.000,0.000,-1
2327,0.000,0.000,0.000,0.000,0.000,-1
2328,0.000,0.000,0.000,0.000,0.000,-1
2329,0.000,0.000,0.000,0.000,0.000,-1
2330,0.000,0.000,0.000,0.000,0.000,-1
2331,0.000,0.000,0.000,0.000,0.000,-1
2332,0.000,0.000,0.000,0.000,0.000,-1
2333,0.000,0.000,0.000,0.000,0.000,-1
2334,0.000,0.000,0.000,0.000,0.000,-1
2335,0.000,0.000,0.000,0.000,0.000,-1
2336,0.000,0.000,0.000,0.000,0.000,-1
2337,0.000,0.000,0.000,0.000,0.800,-1
2338,0.000,0.000,0.000,0.000,0.695,-1
2339,0.000,0.000,0.000,0.000,0.535,-1
2340,0.000,0.000,0.000,0.000,0.772,-1
2341,0.000,0.000,0.000,0.000,0.800,-1
2342,0.000,0.000,0.000,0.000,0.634,-1
2343,0.000,0.000,0.000,0.000,0.474,-1
2344,0.000,0.000,0.000,0.000,0.316,-1
2345,0.000,0.000,0.000,0.000,0.154,-1
2346,0.000,0.000,0.000,0.000,0.000,-1
2347,0.000,0.000,0.000,0.000,0.000,-1
2348,0.000,0.000,0.000,0.000,0.000,-1
2349,0.000,0.000,0.000,0.000,0.000,-1
2350,0.000,0.000,0.000,0.000,0.000,-1
2351,0.000,0.000,0.000,0.000,0.000,-1
2352,0.000,0.000,0.000,0.000,0.000,-1
2353,0.000,0.000,0.000,0.000,0.000,-1
2354,0.000,0.000,0.000,0.000,0.000,-1
2355,0.000,0.000,0.000,0.000,0.000,-1
2356,0.000,0.000,0.000,0.000,0.000,-1
2357,0.000,0.000,0.000,0.000,0.000,-1
2358,0.000,0.000,0.000,0.000,0.000,-1
2359,0.000,0.000,0.000,0.000,0.000,-1
2360,0.000,0.000,0.000,0.000,0.000,-1
2361,0.000,0.000,0.000,0.000,0.000,-1
2362,0.000,0.000,0.000,0.000,0.000,-1
2363,0.000,0.000,0.000,0.000,0.000,-1
2364,0.000,0.000,0.000,0.000,0.000,-1
2365,0.000,0.000,0.000,0.000,0.000,-1
2366,0.000,0.000,0.000,0.000,0.000,-1
2367,0.000,0.000,0.000,0.000,0.000,-1
2368,0.000,0.000,0.000,0.000,0.000,-1
2369,0.000,0.000,0.000,0.000,0.000,-1
2370,0.000,0.000,0.000,0.000,0.000,-1
2371,0.000,0.000,0.000,0.000,0.000,-1
2372,0.000,0.000,0.000,0.000,0.000,-1
2373,0.000,0.000,0.000,0.000,0.000,-1
2374,0.000,0.000,0.000,0.000,0.000,-1
2375,0.000,0.000,0.000,0.000,0.000,-1
2376,0.000,0.000,0.000,0.000,0.000,-1
2377,0.000,0.000,0.000,0.000,0.000,-1
2378,0.000,0.000,0.000,0.000,0.000,-1
2379,0.000,0.000,0.000,0.000,0.000,-1
2380,0.000,0.000,0.000,0.000,0.000,-1
2381,0.000,0.000,0.000,0.000,0.000,-1
2382,0.000,0.000,0.000,0.000,0.000,-1
2383,0.000,0.000,0.000,0.000,0.000,-1
2384,0.000,0.000,0.000,0.000,0.000,-1
2385,0.000,0.000,0.000,0.000,0.000,-1
2386,0.000,0.000,0.000,0.000,0.000,-1
2387,0.000,0.000,0.000,0.000,0.000,-1
2388,0.000,0.000,0.000,0.000,0.000,-1
2389,0.000,0.000,0.000,0.000,0.000,-1
2390,0.000,0.000,0.000,0.000,0.000,-1
2391,0.000,0.000,0.000,0.000,0.000,-1
2392,0.000,0.000,0.000,0.000,0.000,-1
2393,0.000,0.000,0.000,0.000,0.000,-1
2394,0.000,0.000,0.000,0.000,0.000,-1
2395,0.000,0.000,0.000,0.000,0.000,-1
2396,0.000,0.000,0.000,0.000,0.000,-1
2397,0.000,0.000,0.000,0.000,0.000,-1
2398,0.000,0.000,0.000,0.000,0.000,-1
2399,0.000,0.000,0.000,0.000,0.000,-1
2400,0.000,0.000,0.000,0.000,0.000,-1
2401,0.000,0.000,0.000,0.000,0.000,-1
2402,0.000,0.000,0.000,0.000,0.000,-1
2403,0.000,0.000,0.000,0.000,0.000,-1
2404,0.000,0.000,0.000,0.000,0.000,-1
2405,0.000,0.000,0.000,0.000,0.000,-1
2406,0.000,0.000,0.000,0.000,0.000,-1
2407,0.000,0.000,0.000,0.000,0.000,-1
2408,0.000,0.000,0.000,0.000,0.000,-1
2409,0.000,0.000,0.000,0.000,0.000,-1
2410,0.000,0.000,0.000,0.000,0.000,-1
2411,0.000,0.000,0.000,0.000,0.000,-1
2412,0.000,0.000,0.000,0.000,0.000,-1
2413,0.000,0.000,0.000,0.000,0.000,-1
2414,0.000,0.000,0.000,0.000,0.000,-1
2415,0.000,0.000,0.000,0.000,0.000,-1
2416,0.000,0.000,0.000,0.000,0.000,-1
2417,0.000,0.000,0.000,0.000,0.000,-1
2418,0.000,0.000,0.000,0.000,0.000,-1
2419,0.000,0.000,0.000,0.000,0.000,-1
2420,0.000,0.000,0.000,0.000,0.000,-1
2421,0.000,0.000,0.000,0.000,0.000,-1
2422,0.000,0.000,0.000,0.000,0.000,-1
2423,0.000,0.000,0.000,0.000,0.000,-1
2424,0.000,0.000,0.000,0.000,0.000,-1
2425,0.000,0.000,0.000,0.000,0.000,-1
2426,0.000,0.000,0.000,0.000,0.000,-1
2427,0.000,0.000,0.000,0.000,0.000,-1
2428,0.000,0.000,0.000,0.000,0.000,-1
2429,0.000,0.000,0.000,0.000,0.000,-1
2430,0.000,0.000,0.000,0.000,0.000,-1
2431,0.000,0.000,0.000,0.000,0.000,-1
2432,0.000,0.000,0.000,0.000,0.000,-1
2433,0.000,0.000,0.000,0.000,0.000,-1
2434,0.000,0.000,0.000,0.000,0.000,-1
2435,0.000,0.000,0.000,0.000,0.000,-1
2436,0.000,0.000,0.000,0.000,0.000,-1
2437,0.000,0.000,0.000,0.000,0.000,-1
2438,0.000,0.000,0.000,0.000,0.000,-1
2439,0.000,0.000,0.000,0.000,0.000,-1
2440,0.000,0.000,0.000,0.000,0.000,-1
2441,0.000,0.000,0.000,0.000,0.000,-1
2442,0.000,0.000,0.000,0.000,0.000,-1
2443,0.000,0.000,0.000,0.000,0.000,-1
2444,0.000,0.000,0.000,0.000,0.000,-1
2445,0.000,0.000,0.000,0.000,0.000,-1
2446,0.000,0.000,0.000,0.000,0.000,-1
2447,0.000,0.000,0.000,0.000,0.000,-1
2448,0.000,0.000,0.000,0.000,0.000,-1
2449,0.000,0.000,0.000,0.000,0.000,-1
2450,0.000,0.000,0.000,0.000,0.000,-1
2451,0.000,0.000,0.000,0.000,0.000,-1
2452,0.000,0.000,0.000,0.000,0.000,-1
2453,0.000,0.000,0.000,0.000,0.000,-1
2454,0.000,0.000,0.000,0.000,0.000,-1
2455,0.000,0.000,0.000,0.000,0.000,-1
2456,0.000,0.000,0.000,0.000,0.000,-1
2457,0.000,0.000,0.000,0.000,0.000,-1
2458,0.000,0.000,0.000,0.000,0.000,-1
2459,0.000,0.000,0.000,0.000,0.000,-1
2460,0.000,0.000,0.000,0.000,0.000,-1
2461,0.000,0.000,0.000,0.000,0.000,-1
2462,0.000,0.000,0.000,0.000,0.000,-1
2463,0.000,0.000,0.000,0.000,0.000,-1
2464,0.000,0.000,0.000,0.000,0.000,-1
2465,0.000,0.000,0.000,0.000,0.000,-1
2466,0.000,0.000,0.000,0.000,0.000,-1
2467,0.000,0.000,0.000,0.000,0.000,-1
2468,0.000,0.000,0.000,0.000,0.000,-1
2469,0.000,0.000,0.000,0.000,0.000,-1
2470,0.000,0.000,0.000,0.000,0.000,-1
2471,0.000,0.000,0.000,0.000,0.000,-1
2472,0.000,0.000,0.000,0.000,0.000,-1
2473,0.000,0.000,0.000,0.000,0.000,-1
2474,0.000,0.000,0.000,0.000,0.000,-1
2475,0.000,0.000,0.000,0.000,0.000,-1
2476,0.000,0.000,0.000,0.000,0.000,-1
2477,0.000,0.000,0.000,0.000,0.000,-1
2478,0.000,0.000,0.000,0.000,0.000,-1
2479,0.000,0.000,0.000,0.000,0.000,-1
2480,0.000,0.000,0.000,0.000,0.000,-1
2481,0.000,0.000,0.000,0.000,0.000,-1
2482,0.000,0.000,0.000,0.000,0.000,-1
2483,0.000,0.000,0.000,0.000,0.000,-1
2484,0.000,0.000,0.000,0.000,0.000,-1
2485,0.000,0.000,0.000,0.000,0.000,-1
2486,0.000,0.000,0.000,0.000,0.000,-1
2487,0.000,0.000,0.000,0.000,0.000,-1
2488,0.000,0.000,0.000,0.000,0.000,-1
2489,0.000,0.000,0.000,0.000,0.000,-1
2490,0.000,0.000,0.000,0.000,0.000,-1
2491,0.000,0.000,0.000,0.000,0.000,-1
2492,0.000,0.000,0.000,0.000,0.000,-1
2493,0.000,0.000,0.000,0.000,0.000,-1
2494,0.000,0.000,0.000,0.000,0.000,-1
2495,0.000,0.000,0.000,0.000,0.000,-1
2496,0.000,0.000,0.000,0.000,0.000,-1
2497,0.000,0.000,0.000,0.000,0.000,-1
2498,0.000,0.000,0.000,0.000,0.000,-1
2499,0.000,0.000,0.000,0.000,0.000,-1
2500,0.000,0.000,0.000,0.000,0.000,-1
2501,0.000,0.000,0.000,0.000,0.000,-1
2502,0.000,0.000,0.000,0.000,0.000,-1
2503,0.000,0.000,0.000,0.000,0.000,-1
2504,0.000,0.000,0.000,0.000,0.000,-1
2505,0.000,0.000,0.000,0.000,0.000,-1
2506,0.000,0.000,0.000,0.000,0.000,-1
2507,0.000,0.000,0.000,0.000,0.000,-1
2508,0.000,0.000,0.000,0.000,0.000,-1
2509,0.000,0.000,0.000,0.000,0.000,-1
2510,0.000,0.000,0.000,0.000,0.000,-1
2511,0.000,0.000,0.000,0.000,0.000,-1
2512,0.000,0.000,0.000,0.000,0.000,-1
2513,0.000,0.000,0.000,0.000,0.000,-1
2514,0.000,0.000,0.000,0.000,0.000,-1
2515,0.000,0.000,0.000,0.000,0.000,-1
2516,0.000,0.000,0.000,0.000,0.000,-1
2517,0.000,0.000,0.000,0.000,0.000,-1
2518,0.000,0.000,0.000,0.000,0.000,-1
2519,0.000,0.000,0.000,0.000,0.000,-1
2520,0.000,0.000,0.000,0.000,0.000,-1
2521,0.000,0.000,0.000,0.000,0.000,-1
2522,0.000,0.000,0.000,0.000,0.000,-1
2523,0.000,0.000,0.000,0.000,0.000,-1
2524,0.000,0.000,0.000,0.000,0.000,-1
2525,0.000,0.000,0.000,0.000,0.000,-1
2526,0.000,0.000,0.000,0.000,0.000,-1
2527,0.000,0.000,0.000,0.000,0.000,-1
2528,0.000,0.000,0.000,0.000,0.000,-1
2529,0.000,0.000,0.000,0.000,0.000,-1
2530,0.000,0.000,0.000,0.000,0.000,-1
2531,0.000,0.000,0.000,0.000,0.000,-1
2532,0.000,0.000,0.000,0.000,0.000,-1
2533,0.000,0.000,0.000,0.000,0.000,-1
2534,0.000,0.000,0.000,0.000,0.000,-1
2535,0.000,0.000,0.000,0.000,0.000,-1
2536,0.000,0.000,0.000,0.000,0.000,-1
2537,0.000,0.000,0.000,0.000,0.000,-1
2538,0.000,0.000,0.000,0.000,0.000,-1
2539,0.000,0.000,0.000,0.000,0.000,-1
2540,0.000,0.000,0.000,0.000,0.000,-1
2541,0.000,0.000,0.000,0.000,0.000,-1
2542,0.000,0.000,0.000,0.000,0.000,-1
2543,0.000,0.000,0.000,0.000,0.000,-1
2544,0.000,0.000,0.000,0.000,0.000,-1
2545,0.000,0.000,0.000,0.000,0.000,-1
2546,0.000,0.000,0.000,0.000,0.000,-1
2547,0.000,0.000,0.000,0.000,0.000,-1
2548,0.000,0.000,0.000,0.000,0.000,-1
2549,0.000,0.000,0.000,0.000,0.000,-1
2550,0.000,0.000,0.000,0.000,0.000,-1
2551,0.000,0.000,0.000,0.000,0.000,-1
2552,0.000,0.000,0.000,0.000,0.000,-1
2553,0.000,0.000,0.000,0.000,0.000,-1
2554,0.000,0.000,0.000,0.000,0.000,-1
2555,0.000,0.000,0.000,0.000,0.000,-1
2556,0.000,0.000,0.000,0.000,0.000,-1
2557,0.000,0.000,0.000,0.000,0.000,-1
2558,0.000,0.000,0.000,0.000,0.000,-1
2559,0.000,0.000,0.000,0.000,0.000,-1
2560,0.000,0.000,0.000,0.000,0.000,-1
2561,0.000,0.000,0.000,0.000,0.000,-1
2562,0.000,0.000,0.000,0.000,0.000,-1
2563,0.000,0.000,0.000,0.000,0.000,-1
2564,0.000,0.000,0.000,0.000,0.000,-1
2565,0.000,0.000,0.000,0.000,0.000,-1
2566,0.000,0.000,0.000,0.000,0.000,-1
2567,0.000,0.000,0.000,0.000,0.000,-1
2568,0.000,0.000,0.000,0.000,0.000,-1
2569,0.000,0.000,0.000,0.000,0.000,-1
2570,0.000,0.000,0.000,0.000,0.000,-1
2571,0.000,0.000,0.000,0.000,0.000,-1
2572,0.000,0.000,0.000,0.000,0.000,-1
2573,0.000,0.000,0.000,0.000,0.000,-1
2574,0.000,0.000,0.000,0.000,0.000,-1
2575,0.000,0.000,0.000,0.000,0.000,-1
2576,0.000,0.000,0.000,0.000,0.000,-1
2577,0.000,0.000,0.000,0.000,0.000,-1
2578,0.000,0.000,0.000,0.000,0.000,-1
2579,0.000,0.000,0.000,0.000,0.000,-1
2580,0.000,0.000,0.000,0.000,0.000,-1
2581,0.000,0.000,0.000,0.000,0.000,-1
2582,0.000,0.000,0.000,0.000,0.000,-1
2583,0.000,0.000,0.000,0.000,0.000,-1
2584,0.000,0.000,0.000,0.000,0.000,-1
2585,0.000,0.000,0.000,0.000,0.000,-1
2586,0.000,0.000,0.000,0.000,0.000,-1
2587,0.000,0.000,0.000,0.000,0.000,-1
2588,0.000,0.000,0.000,0.000,0.000,-1
2589,0.000,0.000,0.000,0.000,0.000,-1
2590,0.000,0.000,0.000,0.000,0.000,-1
2591,0.000,0.000,0.000,0.000,0.000,-1
2592,0.000,0.000,0.000,0.000,0.000,-1
2593,0.000,0.000,0.000,0.000,0.000,-1
2594,0.000,0.000,0.000,0.000,0.000,-1
2595,0.000,0.000,0.000,0.000,0.000,-1
2596,0.000,0.000,0.000,0.000,0.000,-1
2597,0.000,0.000,0.000,0.000,0.000,-1
2598,0.000,0.000,0.000,0.000,0.000,-1
2599,0.000,0.000,0.000,0.000,0.000,-1
2600,0.000,0.000,0.000,0.000,0.000,-1
2601,0.000,0.000,0.000,0.000,0.000,-1
2602,0.000,0.000,0.000,0.000,0.000,-1
2603,0.000,0.000,0.000,0.000,0.000,-1
2604,0.000,0.000,0.000,0.000,0.000,-1
2605,0.000,0.000,0.000,0.000,0.000,-1
2606,0.000,0.000,0.000,0.000,0.000,-1
2607,0.000,0.000,0.000,0.000,0.000,-1
2608,0.000,0.000,0.000,0.000,0.000,-1
2609,0.000,0.000,0.000,0.000,0.000,-1
2610,0.000,0.000,0.000,0.000,0.000,-1
2611,0.000,0.000,0.000,0.000,0.000,-1
2612,0.000,0.000,0.000,0.000,0.000,-1
2613,0.000,0.000,0.000,0.000,0.000,-1
2614,0.000,0.000,0.000,0.000,0.000,-1
2615,0.000,0.000,0.000,0.000,0.000,-1
2616,0.000,0.000,0.000,0.000,0.000,-1
2617,0.000,0.000,0.000,0.000,0.000,-1
2618,0.000,0.000,0.000,0.000,0.000,-1
2619,0.000,0.000,0.000,0.000,0.000,-1
2620,0.000,0.000,0.000,0.000,0.000,-1
2621,0.000,0.000,0.000,0.000,0.000,-1
2622,0.000,0.000,0.000,0.000,0.000,-1
2623,0.000,0.000,0.000,0.000,0.000,-1
2624,0.000,0.000,0.000,0.000,0.000,-1
2625,0.000,0.000,0.000,0.000,0.000,-1
2626,0.000,0.000,0.000,0.000,0.000,-1
2627,0.000,0.000,0.000,0.000,0.000,-1
2628,0.000,0.000,0.000,0.000,0.000,-1
2629,0.000,0.000,0.000,0.000,0.000,-1
2630,0.000,0.000,0.000,0.000,0.000,-1
2631,0.000,0.000,0.000,0.000,0.000,-1
2632,0.000,0.000,0.000,0.000,0.000,-1
2633,0.000,0.000,0.000,0.000,0.000,-1
2634,0.000,0.000,0.000,0.000,0.000,-1
2635,0.000,0.000,0.000,0.000,0.000,-1
2636,0.000,0.000,0.000,0.000,0.000,-1
2637,0.000,0.000,0.000,0.000,0.000,-1
2638,0.000,0.000,0.000,0.000,0.000,-1
2639,0.000,0.000,0.000,0.000,0.000,-1
2640,0.000,0.000,0.000,0.000,0.000,-1
2641,0.000,0.000,0.000,0.000,0.000,-1
2642,0.000,0.000,0.000,0.000,0.000,-1
2643,0.000,0.000,0.000,0.000,0.000,-1
2644,0.000,0.000,0.000,0.000,0.000,-1
2645,0.000,0.000,0.000,0.000,0.000,-1
2646,0.000,0.000,0.000,0.000,0.000,-1
2647,0.000,0.000,0.000,0.000,0.000,-1
2648,0.000,0.000,0.000,0.000,0.000,-1
2649,0.000,0.000,0.000,0.000,0.000,-1
2650,0.000,0.000,0.000,0.000,0.000,-1
2651,0.000,0.000,0.000,0.000,0.000,-1
2652,0.000,0.000,0.000,0.000,0.000,-1
2653,0.000,0.000,0.000,0.000,0.000,-1
2654,0.000,0.000,0.000,0.000,0.000,-1
2655,0.000,0.000,0.000,0.000,0.000,-1
2656,0.000,0.000,0.000,0.000,0.000,-1
2657,0.000,0.000,0.000,0.000,0.000,-1
2658,0.000,0.000,0.000,0.000,0.000,-1
2659,0.000,0.000,0.000,0.000,0.000,-1
2660,0.000,0.000,0.000,0.000,0.000,-1
2661,0.000,0.000,0.000,0.000,0.000,-1
2662,0.000,0.000,0.000,0.000,0.000,-1
2663,0.000,0.000,0.000,0.000,0.000,-1
2664,0.000,0.000,0.000,0.000,0.000,-1
2665,0.000,0.000,0.000,0.000,0.000,-1
2666,0.000,0.000,0.000,0.000,0.000,-1
2667,0.000,0.000,0.000,0.000,0.000,-1
2668,0.000,0.000,0.000,0.000,0.000,-1
2669,0.000,0.000,0.000,0.000,0.000,-1
2670,0.000,0.000,0.000,0.000,0.000,-1
2671,0.000,0.000,0.000,0.000,0.000,-1
2672,0.000,0.000,0.000,0.000,0.000,-1
2673,0.000,0.000,0.000,0.000,0.000,-1
2674,0.000,0.000,0.000,0.000,0.000,-1
2675,0.000,0.000,0.000,0.000,0.000,-1
2676,0.000,0.000,0.000,0.000,0.000,-1
2677,0.000,0.000,0.000,0.000,0.000,-1
2678,0.000,0.000,0.000,0.000,0.000,-1
2679,0.000,0.000,0.000,0.000,0.000,-1
2680,0.000,0.000,0.000,0.000,0.000,-1
2681,0.000,0.000,0.000,0.000,0.000,-1
2682,0.000,0.000,0.000,0.000,0.000,-1
2683,0.000,0.000,0.000,0.000,0.000,-1
2684,0.000,0.000,0.000,0.000,0.000,-1
2685,0.000,0.000,0.000,0.000,0.000,-1
2686,0.000,0.000,0.000,0.000,0.000,-1
2687,0.000,0.000,0.000,0.000,0.000,-1
2688,0.000,0.000,0.000,0.000,0.000,-1
2689,0.000,0.000,0.000,0.000,0.000,-1
2690,0.000,0.000,0.000,0.000,0.000,-1
2691,0.000,0.000,0.000,0.000,0.000,-1
2692,0.000,0.000,0.000,0.000,0.000,-1
2693,0.000,0.000,0.000,0.000,0.000,-1
2694,0.000,0.000,0.000,0.000,0.000,-1
2695,0.000,0.000,0.000,0.000,0.000,-1
2696,0.000,0.000,0.000,0.000,0.000,-1
2697,0.000,0.000,0.000,0.000,0.000,-1
2698,0.000,0.000,0.000,0.000,0.000,-1
2699,0.000,0.000,0.000,0.000,0.000,-1
2700,0.000,0.000,0.000,0.000,0.000,-1
2701,0.000,0.000,0.000,0.000,0.000,-1
2702,0.000,0.000,0.000,0.000,0.000,-1
2703,0.000,0.000,0.000,0.000,0.000,-1
2704,0.000,0.000,0.000,0.000,0.000,-1
2705,0.000,0.000,0.000,0.000,0.000,-1
2706,0.000,0.000,0.000,0.000,0.000,-1
2707,0.000,0.000,0.000,0.000,0.000,-1
2708,0.000,0.000,0.000,0.000,0.000,-1
2709,0.000,0.000,0.000,0.000,0.000,-1
2710,0.000,0.000,0.000,0.000,0.000,-1
2711,0.000,0.000,0.000,0.000,0.000,-1
2712,0.000,0.000,0.000,0.000,0.000,-1
2713,0.000,0.000,0.000,0.000,0.000,-1
2714,0.000,0.000,0.000,0.000,0.000,-1
2715,0.000,0.000,0.000,0.000,0.000,-1
2716,0.000,0.000,0.000,0.000,0.000,-1
2717,0.000,0.000,0.000,0.000,0.000,-1
2718,0.000,0.000,0.000,0.000,0.000,-1
2719,0.000,0.000,0.000,0.000,0.000,-1
2720,0.000,0.000,0.000,0.000,0.000,-1
2721,0.000,0.000,0.000,0.000,0.000,-1
2722,0.000,0.000,0.000,0.000,0.000,-1
2723,0.000,0.000,0.000,0.000,0.000,-1
2724,0.000,0.000,0.000,0.000,0.000,-1
2725,0.000,0.000,0.000,0.000,0.000,-1
2726,0.000,0.000,0.000,0.000,0.000,-1
2727,0.000,0.000,0.000,0.000,0.000,-1
2728,0.000,0.000,0.000,0.000,0.000,-1
2729,0.000,0.000,0.000,0.000,0.000,-1
2730,0.000,0.000,0.000,0.000,0.000,-1
2731,0.000,0.000,0.000,0.000,0.000,-1
2732,0.000,0.000,0.000,0.000,0.000,-1
2733,0.000,0.000,0.000,0.000,0.000,-1
2734,0.000,0.000,0.000,0.000,0.000,-1
2735,0.000,0.000,0.000,0.000,0.000,-1
2736,0.000,0.000,0.000,0.000,0.000,-1
2737,0.000,0.000,0.000,0.000,0.000,-1
2738,0.000,0.000,0.000,0.000,0.000,-1
2739,0.000,0.000,0.000,0.000,0.000,-1
2740,0.000,0.000,0.000,0.000,0.000,-1
2741,0.000,0.000,0.000,0.000,0.000,-1
2742,0.000,0.000,0.000,0.000,0.000,-1
2743,0.000,0.000,0.000,0.000,0.000,-1
2744,0.000,0.000,0.000,0.000,0.000,-1
2745,0.000,0.000,0.000,0.000,0.000,-1
2746,0.000,0.000,0.000,0.000,0.000,-1
2747,0.000,0.000,0.000,0.000,0.000,-1
2748,0.000,0.000,0.000,0.000,0.000,-1
2749,0.000,0.000,0.000,0.000,0.000,-1
2750,0.000,0.000,0.000,0.000,0.000,-1
2751,0.000,0.000,0.000,0.000,0.000,-1
2752,0.000,0.000,0.000,0.000,0.000,-1
2753,0.000,0.000,0.000,0.000,0.000,-1
2754,0.000,0.000,0.000,0.000,0.000,-1
2755,0.000,0.000,0.000,0.000,0.000,-1
2756,0.000,0.000,0.000,0.000,0.000,-1
2757,0.000,0.000,0.000,0.000,0.000,-1
2758,0.000,0.000,0.000,0.000,0.000,-1
2759,0.000,0.000,0.000,0.000,0.000,-1
2760,0.000,0.000,0.000,0.000,0.000,-1
2761,0.000,0.000,0.000,0.000,0.000,-1
2762,0.000,0.000,0.000,0.000,0.000,-1
2763,0.000,0.000,0.000,0.000,0.000,-1
2764,0.000,0.000,0.000,0.000,0.000,-1
2765,0.000,0.000,0.000,0.000,0.000,-1
2766,0.000,0.000,0.000,0.000,0.000,-1
2767,0.000,0.000,0.000,0.000,0.000,-1
2768,0.000,0.000,0.000,0.000,0.000,-1
2769,0.000,0.000,0.000,0.000,0.000,-1
2770,0.000,0.000,0.000,0.000,0.000,-1
2771,0.000,0.000,0.000,0.000,0.000,-1
2772,0.000,0.000,0.000,0.000,0.000,-1
2773,0.000,0.000,0.000,0.000,0.000,-1
2774,0.000,0.000,0.000,0.000,0.000,-1
2775,0.000,0.000,0.000,0.000,0.000,-1
2776,0.000,0.000,0.000,0.000,0.000,-1
2777,0.000,0.000,0.000,0.000,0.000,-1
2778,0.000,0.000,0.000,0.000,0.000,-1
2779,0.000,0.000,0.000,0.000,0.000,-1
2780,0.000,0.000,0.000,0.000,0.000,-1
2781,0.000,0.000,0.000,0.000,0.000,-1
2782,0.000,0.000,0.000,0.000,0.000,-1
2783,0.000,0.000,0.000,0.000,0.000,-1
2784,0.000,0.000,0.000,0.000,0.000,-1
2785,0.000,0.000,0.000,0.000,0.000,-1
2786,0.000,0.000,0.000,0.000,0.000,-1
2787,0.000,0.000,0.000,0.000,0.000,-1
2788,0.000,0.000,0.000,0.000,0.000,-1
2789,0.000,0.000,0.000,0.000,0.000,-1
2790,0.000,0.000,0.000,0.000,0.000,-1
2791,0.000,0.000,0.000,0.000,0.000,-1
2792,0.000,0.000,0.000,0.000,0.000,-1
2793,0.000,0.000,0.000,0.000,0.000,-1
2794,0.000,0.000,0.000,0.000,0.000,-1
2795,0.000,0.000,0.000,0.000,0.000,-1
2796,0.000,0.000,0.000,0.000,0.000,-1
2797,0.000,0.000,0.000,0.000,0.000,-1
2798,0.000,0.000,0.000,0.000,0.000,-1
2799,0.000,0.000,0.000,0.000,0.000,-1
2800,0.000,0.000,0.000,0.000,0.000,-1
2801,0.000,0.000,0.000,0.000,0.000,-1
2802,0.000,0.000,0.000,0.000,0.000,-1
2803,0.000,0.000,0.000,0.000,0.000,-1
2804,0.000,0.000,0.000,0.000,0.000,-1
2805,0.000,0.000,0.000,0.000,0.000,-1
2806,0.000,0.000,0.000,0.000,0.000,-1
2807,0.000,0.000,0.000,0.000,0.000,-1
2808,0.000,0.000,0.000,0.000,0.000,-1
2809,0.000,0.000,0.000,0.000,0.000,-1
2810,0.000,0.000,0.000,0.000,0.000,-1
2811,0.000,0.000,0.000,0.000,0.000,-1
2812,0.000,0.000,0.000,0.000,0.000,-1
2813,0.000,0.000,0.000,0.000,0.000,-1
2814,0.000,0.000,0.000,0.000,0.000,-1
2815,0.000,0.000,0.000,0.000,0.000,-1
2816,0.000,0.000,0.000,0.000,0.000,-1
2817,0.000,0.000,0.000,0.000,0.000,-1
2818,0.000,0.000,0.000,0.000,0.000,-1
2819,0.000,0.000,0.000,0.000,0.000,-1
2820,0.000,0.000,0.000,0.000,0.000,-1
2821,0.000,0.000,0.000,0.000,0.000,-1
2822,0.000,0.000,0.000,0.000,0.000,-1
2823,0.000,0.000,0.000,0.000,0.000,-1
2824,0.000,0.000,0.000,0.000,0.000,-1
2825,0.000,0.000,0.000,0.000,0.000,-1
2826,0.000,0.000,0.000,0.000,0.000,-1
2827,0.000,0.000,0.000,0.000,0.000,-1
2828,0.000,0.000,0.000,0.000,0.000,-1
2829,0.000,0.000,0.000,0.000,0.000,-1
2830,0.000,0.000,0.000,0.000,0.000,-1
2831,0.000,0.000,0.000,0.000,0.000,-1
2832,0.000,0.000,0.000,0.000,0.000,-1
2833,0.000,0.000,0.000,0.000,0.000,-1
2834,0.000,0.000,0.000,0.000,0.000,-1
2835,0.000,0.000,0.000,0.000,0.000,-1
2836,0.000,0.000,0.000,0.000,0.000,-1
2837,0.000,0.000,0.000,0.000,0.000,-1
2838,0.000,0.000,0.000,0.000,0.000,-1
2839,0.000,0.000,0.000,0.000,0.000,-1
2840,0.000,0.000,0.000,0.000,0.000,-1
2841,0.000,0.000,0.000,0.000,0.000,-1
2842,0.000,0.000,0.000,0.000,0.000,-1
2843,0.000,0.000,0.000,0.000,0.000,-1
2844,0.000,0.000,0.000,0.000,0.000,-1
2845,0.000,0.000,0.000,0.000,0.000,-1
2846,0.000,0.000,0.000,0.000,0.000,-1
2847,0.000,0.000,0.000,0.000,0.000,-1
2848,0.000,0.000,0.000,0.000,0.000,-1
2849,0.000,0.000,0.000,0.000,0.000,-1
2850,0.000,0.000,0.000,0.000,0.000,-1
2851,0.000,0.000,0.000,0.000,0.000,-1
2852,0.000,0.000,0.000,0.000,0.000,-1
2853,0.000,0.000,0.000,0.000,0.000,-1
2854,0.000,0.000,0.000,0.000,0.000,-1
2855,0.000,0.000,0.000,0.000,0.000,-1
2856,0.000,0.000,0.000,0.000,0.000,-1
2857,0.000,0.000,0.000,0.000,0.000,-1
2858,0.000,0.000,0.000,0.000,0.000,-1
2859,0.000,0.000,0.000,0.000,0.000,-1
2860,0.000,0.000,0.000,0.000,0.000,-1
2861,0.000,0.000,0.000,0.000,0.000,-1
2862,0.000,0.000,0.000,0.000,0.000,-1
2863,0.000,0.000,0.000,0.000,0.000,-1
2864,0.000,0.000,0.000,0.000,0.000,-1
2865,0.000,0.000,0.000,0.000,0.000,-1
2866,0.000,0.000,0.000,0.000,0.000,-1
2867,0.000,0.000,0.000,0.000,0.000,-1
2868,0.000,0.000,0.000,0.000,0.000,-1
2869,0.000,0.000,0.000,0.000,0.000,-1
2870,0.000,0.000,0.000,0.000,0.000,-1
2871,0.000,0.000,0.000,0.000,0.000,-1
2872,0.000,0.000,0.000,0.000,0.000,-1
2873,0.000,0.000,0.000,0.000,0.000,-1
2874,0.000,0.000,0.000,0.000,0.000,-1
2875,0.000,0.000,0.000,0.000,0.000,-1
2876,0.000,0.000,0.000,0.000,0.000,-1
2877,0.000,0.000,0.000,0.000,0.000,-1
2878,0.000,0.000,0.000,0.000,0.000,-1
2879,0.000,0.000,0.000,0.000,0.000,-1
2880,0.000,0.000,0.000,0.000,0.000,-1
2881,0.000,0.000,0.000,0.000,0.000,-1
2882,0.000,0.000,0.000,0.000,0.000,-1
2883,0.000,0.000,0.000,0.000,0.000,-1
2884,0.000,0.000,0.000,0.000,0.000,-1
2885,0.000,0.000,0.000,0.000,0.000,-1
2886,0.000,0.000,0.000,0.000,0.000,-1
2887,0.000,0.000,0.000,0.000,0.000,-1
2888,0.000,0.000,0.000,0.000,0.000,-1
2889,0.000,0.000,0.000,0.000,0.000,-1
2890,0.000,0.000,0.000,0.000,0.000,-1
2891,0.000,0.000,0.000,0.000,0.000,-1
2892,0.000,0.000,0.000,0.000,0.000,-1
2893,0.000,0.000,0.000,0.000,0.000,-1
2894,0.000,0.000,0.000,0.000,0.000,-1
2895,0.000,0.000,0.000,0.000,0.000,-1
2896,0.000,0.000,0.000,0.000,0.000,-1
2897,0.000,0.000,0.000,0.000,0.000,-1
2898,0.000,0.000,0.000,0.000,0.000,-1
2899,0.000,0.000,0.000,0.000,0.000,-1
2900,0.000,0.000,0.000,0.000,0.000,-1
2901,0.000,0.000,0.000,0.000,0.000,-1
2902,0.000,0.000,0.000,0.000,0.000,-1
2903,0.000,0.000,0.000,0.000,0.000,-1
2904,0.000,0.000,0.000,0.000,0.000,-1
2905,0.000,0.000,0.000,0.000,0.000,-1
2906,0.000,0.000,0.000,0.000,0.000,-1
2907,0.000,0.000,0.000,0.000,0.000,-1
2908,0.000,0.000,0.000,0.000,0.000,-1
2909,0.000,0.000,0.000,0.000,0.000,-1
2910,0.000,0.000,0.000,0.000,0.000,-1
2911,0.000,0.000,0.000,0.000,0.000,-1
2912,0.000,0.000,0.000,0.000,0.000,-1
2913,0.000,0.000,0.000,0.000,0.000,-1
2914,0.000,0.000,0.000,0.000,0.000,-1
2915,0.000,0.000,0.000,0.000,0.000,-1
2916,0.000,0.000,0.000,0.000,0.000,-1
2917,0.000,0.000,0.000,0.000,0.000,-1
2918,0.000,0.000,0.000,0.000,0.000,-1
2919,0.000,0.000,0.000,0.000,0.000,-1
2920,0.000,0.000,0.000,0.000,0.000,-1
2921,0.000,0.000,0.000,0.000,0.000,-1
2922,0.000,0.000,0.000,0.000,0.000,-1
2923,0.000,0.000,0.000,0.000,0.000,-1
2924,0.000,0.000,0.000,0.000,0.000,-1
2925,0.000,0.000,0.000,0.000,0.000,-1
2926,0.000,0.000,0.000,0.000,0.000,-1
2927,0.000,0.000,0.000,0.000,0.000,-1
2928,0.000,0.000,0.000,0.000,0.000,-1
2929,0.000,0.000,0.000,0.000,0.000,-1
2930,0.000,0.000,0.000,0.000,0.000,-1
2931,0.000,0.000,0.000,0.000,0.000,-1
2932,0.000,0.000,0.000,0.000,0.000,-1
2933,0.000,0.000,0.000,0.000,0.000,-1
2934,0.000,0.000,0.000,0.000,0.000,-1
2935,0.000,0.000,0.000,0.000,0.000,-1
2936,0.000,0.000,0.000,0.000,0.000,-1
2937,0.000,0.000,0.000,0.000,0.000,-1
2938,0.000,0.000,0.000,0.000,0.000,-1
2939,0.000,0.000,0.000,0.000,0.000,-1
2940,0.000,0.000,0.000,0.000,0.000,-1
2941,0.000,0.000,0.000,0.000,0.000,-1
2942,0.000,0.000,0.000,0.000,0.000,-1
2943,0.000,0.000,0.000,0.000,0.000,-1
2944,0.000,0.000,0.000,0.000,0.000,-1
2945,0.000,0.000,0.000,0.000,0.000,-1
2946,0.000,0.000,0.000,0.000,0.000,-1
2947,0.000,0.000,0.000,0.000,0.000,-1
2948,0.000,0.000,0.000,0.000,0.000,-1
2949,0.000,0.000,0.000,0.000,0.000,-1
2950,0.000,0.000,0.000,0.000,0.000,-1
2951,0.000,0.000,0.000,0.000,0.000,-1
2952,0.000,0.000,0.000,0.000,0.000,-1
2953,0.000,0.000,0.000,0.000,0.000,-1
2954,0.000,0.000,0.000,0.000,0.000,-1
2955,0.000,0.000,0.000,0.000,0.000,-1
2956,0.000,0.000,0.000,0.000,0.000,-1
2957,0.000,0.000,0.000,0.000,0.000,-1
2958,0.000,0.000,0.000,0.000,0.000,-1
2959,0.000,0.000,0.000,0.000,0.000,-1
2960,0.000,0.000,0.000,0.000,0.000,-1
2961,0.000,0.000,0.000,0.000,0.000,-1
2962,0.000,0.000,0.000,0.000,0.000,-1
2963,0.000,0.000,0.000,0.000,0.000,-1
2964,0.000,0.000,0.000,0.000,0.000,-1
2965,0.000,0.000,0.000,0.000,0.000,-1
2966,0.000,0.000,0.000,0.000,0.000,-1
2967,0.000,0.000,0.000,0.000,0.000,-1
2968,0.000,0.000,0.000,0.000,0.000,-1
2969,0.000,0.000,0.000,0.000,0.000,-1
2970,0.000,0.000,0.000,0.000,0.000,-1
2971,0.000,0.000,0.000,0.000,0.000,-1
2972,0.000,0.000,0.000,0.000,0.000,-1
2973,0.000,0.000,0.000,0.000,0.000,-1
2974,0.000,0.000,0.000,0.000,0.000,-1
2975,0.000,0.000,0.000,0.000,0.000,-1
2976,0.000,0.000,0.000,0.000,0.000,-1
2977,0.000,0.000,0.000,0.000,0.000,-1
2978,0.000,0.000,0.000,0.000,0.000,-1
2979,0.000,0.000,0.000,0.000,0.000,-1
2980,0.000,0.000,0.000,0.000,0.000,-1
2981,0.000,0.000,0.000,0.000,0.000,-1
2982,0.000,0.000,0.000,0.000,0.000,-1
2983,0.000,0.000,0.000,0.000,0.000,-1
2984,0.000,0.000,0.000,0.000,0.000,-1
2985,0.000,0.000,0.000,0.000,0.000,-1
2986,0.000,0.000,0.000,0.000,0.000,-1
2987,0.000,0.000,0.000,0.000,0.000,-1
2988,0.000,0.000,0.000,0.000,0.000,-1
2989,0.000,0.000,0.000,0.000,0.000,-1
2990,0.000,0.000,0.000,0.000,0.000,-1
2991,0.000,0.000,0.000,0.000,0.000,-1
2992,0.000,0.000,0.000,0.000,0.000,-1
2993,0.000,0.000,0.000,0.000,0.000,-1
2994,0.000,0.000,0.000,0.000,0.000,-1
2995,0.000,0.000,0.000,0.000,0.000,-1
2996,0.000,0.000,0.000,0.000,0.000,-1
2997,0.000,0.000,0.000,0.000,0.000,-1
2998,0.000,0.000,0.000,0.000,0.000,-1
2999,0.000,0.000,0.000,0.000,0.000,-1
3000,0.000,0.000,0.000,0.000,0.000,-1
3001,0.000,0.000,0.000,0.000,0.000,-1
3002,0.000,0.000,0.000,0.000,0.000,-1
3003,0.000,0.000,0.000,0.000,0.000,-1
3004,0.000,0.000,0.000,0.000,0.000,-1
3005,0.000,0.000,0.000,0.000,0.000,-1
3006,0.000,0.000,0.000,0.000,0.000,-1
3007,0.000,0.000,0.000,0.000,0.000,-1
3008,0.000,0.000,0.000,0.000,0.000,-1
3009,0.000,0.000,0.000,0.000,0.000,-1
3010,0.000,0.000,0.000,0.000,0.000,-1
3011,0.000,0.000,0.000,0.000,0.000,-1
3012,0.000,0.000,0.000,0.000,0.000,-1
3013,0.000,0.000,0.000,0.000,0.000,-1
3014,0.000,0.000,0.000,0.000,0.000,-1
3015,0.000,0.000,0.000,0.000,0.000,-1
3016,0.000,0.000,0.000,0.000,0.000,-1
3017,0.000,0.000,0.000,0.000,0.000,-1
3018,0.000,0.000,0.000,0.000,0.000,-1
3019,0.000,0.000,0.000,0.000,0.000,-1
3020,0.000,0.000,0.000,0.000,0.000,-1
3021,0.000,0.000,0.000,0.000,0.000,-1
3022,0.000,0.000,0.000,0.000,0.000,-1
3023,0.000,0.000,0.000,0.000,0.000,-1
3024,0.000,0.000,0.000,0.000,0.000,-1
3025,0.000,0.000,0.000,0.000,0.000,-1
3026,0.000,0.000,0.000,0.000,0.000,-1
3027,0.000,0.000,0.000,0.000,0.000,-1
3028,0.000,0.000,0.000,0.000,0.000,-1
3029,0.000,0.000,0.000,0.000,0.000,-1
3030,0.000,0.000,0.000,0.000,0.000,-1
3031,0.000,0.000,0.000,0.000,0.000,-1
3032,0.000,0.000,0.000,0.000,0.000,-1
3033,0.000,0.000,0.000,0.000,0.000,-1
3034,0.000,0.000,0.000,0.000,0.000,-1
3035,0.000,0.000,0.000,0.000,0.000,-1
3036,0.000,0.000,0.000,0.000,0.000,-1
3037,0.000,0.000,0.000,0.000,0.000,-1
3038,0.000,0.000,0.000,0.000,0.000,-1
3039,0.000,0.000,0.000,0.000,0.000,-1
3040,0.000,0.000,0.000,0.000,0.000,-1
3041,0.000,0.000,0.000,0.000,0.000,-1
3042,0.000,0.000,0.000,0.000,0.000,-1
3043,0.000,0.000,0.000,0.000,0.000,-1
3044,0.000,0.000,0.000,0.000,0.000,-1
3045,0.000,0.000,0.000,0.000,0.000,-1
3046,0.000,0.000,0.000,0.000,0.000,-1
3047,0.000,0.000,0.000,0.000,0.000,-1
3048,0.000,0.000,0.000,0.000,0.000,-1
3049,0.000,0.000,0.000,0.000,0.000,-1
3050,0.000,0.000,0.000,0.000,0.000,-1
3051,0.000,0.000,0.000,0.000,0.000,-1
3052,0.000,0.000,0.000,0.000,0.000,-1
3053,0.000,0.000,0.000,0.000,0.000,-1
3054,0.000,0.000,0.000,0.000,0.000,-1
3055,0.000,0.000,0.000,0.000,0.000,-1
3056,0.000,0.000,0.000,0.000,0.000,-1
3057,0.000,0.000,0.000,0.000,0.000,-1
3058,0.000,0.000,0.000,0.000,0.748,-1
3059,0.000,0.000,0.000,0.000,0.594,-1
3060,0.000,0.000,0.000,0.000,0.437,-1
3061,0.000,0.000,0.000,0.000,0.278,-1
3062,0.000,0.000,0.000,0.000,0.121,-1
3063,0.000,0.000,0.000,0.000,0.000,-1
3064,0.000,0.000,0.000,0.000,0.000,-1
3065,0.000,0.000,0.000,0.000,0.000,-1
3066,0.000,0.000,0.000,0.000,0.000,-1
3067,0.000,0.000,0.000,0.000,0.000,-1
3068,0.000,0.000,0.000,0.000,0.000,-1
3069,0.000,0.000,0.000,0.000,0.000,-1
3070,0.000,0.000,0.000,0.000,0.000,-1
3071,0.000,0.000,0.000,0.000,0.000,-1
3072,0.000,0.000,0.000,0.000,0.000,-1
3073,0.000,0.000,0.000,0.000,0.000,-1
3074,0.000,0.000,0.000,0.000,0.800,-1
3075,0.000,0.000,0.000,0.000,0.800,-1
3076,0.000,0.000,0.000,0.000,0.700,-1
3077,0.000,0.000,0.000,0.000,0.545,-1
3078,0.000,0.000,0.000,0.000,0.369,-1
3079,0.000,0.000,0.000,0.000,0.219,-1
3080,0.000,0.000,0.000,0.000,0.800,-1
3081,0.000,0.000,0.000,0.000,0.775,-1
3082,0.000,0.000,0.000,0.000,0.617,-1
3083,0.000,0.000,0.000,0.000,0.800,-1
3084,0.000,0.000,0.000,0.000,0.775,-1
3085,0.000,0.000,0.000,0.000,0.625,-1
3086,0.000,0.000,0.000,0.000,0.473,-1
3087,0.000,0.000,0.000,0.000,0.318,-1
3088,0.000,0.000,0.000,0.000,0.800,-1
3089,0.000,0.000,0.000,0.000,0.800,-1
3090,0.000,0.000,0.000,0.000,0.800,-1
3091,0.000,0.000,0.000,0.000,0.747,-1
3092,0.000,0.000,0.000,0.000,0.800,-1
3093,0.000,0.000,0.000,0.000,0.720,-1
3094,0.000,0.000,0.000,0.000,0.548,-1
3095,0.000,0.000,0.000,0.000,0.394,-1
3096,0.000,0.000,0.000,0.000,0.243,-1
3097,0.000,0.000,0.000,0.000,0.088,-1
3098,0.000,0.000,0.000,0.000,0.000,-1
3099,0.000,0.000,0.000,0.000,0.000,-1
3100,0.000,0.000,0.000,0.000,0.000,-1
3101,0.000,0.000,0.000,0.000,0.000,-1
3102,0.000,0.000,0.000,0.000,0.000,-1
3103,0.000,0.000,0.000,0.000,0.000,-1
3104,0.000,0.000,0.000,0.000,0.000,-1
3105,0.000,0.000,0.000,0.000,0.800,-1
3106,0.000,0.000,0.000,0.000,0.753,-1
3107,0.000,0.000,0.000,0.000,0.587,-1
3108,0.000,0.000,0.000,0.000,0.417,-1
3109,0.000,0.000,0.000,0.000,0.705,-1
3110,0.000,0.000,0.000,0.000,0.535,-1
3111,0.000,0.000,0.000,0.000,0.360,-1
3112,0.000,0.000,0.000,0.000,0.208,-1
3113,0.000,0.000,0.000,0.000,0.800,-1
3114,0.000,0.000,0.000,0.000,0.800,-1
3115,0.000,0.000,0.000,0.000,0.724,-1
3116,0.000,0.000,0.000,0.000,0.574,-1
3117,0.000,0.000,0.000,0.000,0.409,-1
3118,0.000,0.000,0.000,0.000,0.258,-1
3119,0.000,0.000,0.000,0.000,0.083,-1
3120,0.000,0.000,0.000,0.000,0.000,-1
3121,0.000,0.000,0.000,0.000,0.000,-1
3122,0.000,0.000,0.000,0.000,0.000,-1
3123,0.000,0.000,0.000,0.000,0.800,-1
3124,0.000,0.000,0.000,0.000,0.738,-1
3125,0.000,0.000,0.000,0.000,0.587,-1
3126,0.000,0.000,0.000,0.000,0.749,-1
3127,0.000,0.000,0.000,0.000,0.800,-1
3128,0.000,0.000,0.000,0.000,0.647,-1
3129,0.000,0.000,0.000,0.000,0.496,-1
3130,0.000,0.000,0.000,0.000,0.340,-1
3131,0.000,0.000,0.000,0.000,0.186,-1
3132,0.000,0.000,0.000,0.000,0.026,-1
3133,0.000,0.000,0.000,0.000,0.000,-1
3134,0.000,0.000,0.000,0.000,0.000,-1
3135,0.000,0.000,0.000,0.000,0.000,-1
3136,0.000,0.000,0.000,0.000,0.000,-1
3137,0.000,0.000,0.000,0.000,0.000,-1
3138,0.000,0.000,0.000,0.000,0.000,-1
3139,0.000,0.000,0.000,0.000,0.800,-1
3140,0.000,0.000,0.000,0.000,0.753,-1
3141,0.000,0.000,0.000,0.000,0.586,-1
3142,0.000,0.000,0.000,0.000,0.411,-1
3143,0.000,0.000,0.000,0.000,0.258,-1
3144,0.000,0.000,0.000,0.000,0.106,-1
3145,0.000,0.000,0.000,0.000,0.000,-1
3146,0.000,0.000,0.000,0.000,0.000,-1
3147,0.000,0.000,0.000,0.000,0.800,-1
3148,0.000,0.000,0.000,0.000,0.800,-1
3149,0.000,0.000,0.000,0.000,0.800,-1
3150,0.000,0.000,0.000,0.000,0.800,-1
3151,0.000,0.000,0.000,0.000,0.800,-1
3152,0.000,0.000,0.000,0.000,0.800,-1
3153,0.000,0.000,0.000,0.000,0.800,-1
3154,0.000,0.000,0.000,0.000,0.800,-1
3155,0.000,0.000,0.000,0.000,0.800,-1
3156,0.000,0.000,0.000,0.000,0.651,-1
3157,0.000,0.000,0.000,0.000,0.488,-1
3158,0.000,0.000,0.000,0.000,0.337,-1
3159,0.000,0.000,0.000,0.000,0.184,-1
3160,0.000,0.000,0.000,0.000,0.014,-1
3161,0.000,0.000,0.000,0.000,0.000,-1
3162,0.000,0.000,0.000,0.000,0.000,-1
3163,0.000,0.000,0.000,0.000,0.000,-1
3164,0.000,0.000,0.000,0.000,0.000,-1
3165,0.000,0.000,0.000,0.000,0.000,-1
3166,0.000,0.000,0.000,0.000,0.000,-1
3167,0.000,0.000,0.000,0.000,0.000,-1
3168,0.000,0.000,0.000,0.000,0.000,-1
3169,0.000,0.000,0.000,0.000,0.000,-1
3170,0.000,0.000,0.000,0.000,0.000,-1
3171,0.000,0.000,0.000,0.000,0.000,-1
3172,0.000,0.000,0.000,0.000,0.000,-1
3173,0.000,0.000,0.000,0.000,0.000,-1
3174,0.000,0.000,0.000,0.000,0.000,-1
3175,0.000,0.000,0.000,0.000,0.000,-1
3176,0.000,0.000,0.000,0.000,0.800,-1
3177,0.000,0.000,0.000,0.000,0.662,-1
3178,0.000,0.000,0.000,0.000,0.500,-1
3179,0.000,0.000,0.000,0.000,0.339,-1
3180,0.000,0.000,0.000,0.000,0.179,-1
3181,0.000,0.000,0.000,0.000,0.017,-1
3182,0.000,0.000,0.000,0.000,0.000,-1
3183,0.000,0.000,0.000,0.000,0.000,-1
3184,0.000,0.000,0.000,0.000,0.000,-1
3185,0.000,0.000,0.000,0.000,0.000,-1
3186,0.000,0.000,0.000,0.000,0.000,-1
3187,0.000,0.000,0.000,0.000,0.000,-1
3188,0.000,0.000,0.000,0.000,0.000,-1
3189,0.000,0.000,0.000,0.000,0.000,-1
3190,0.000,0.000,0.000,0.000,0.000,-1
3191,0.000,0.000,0.000,0.000,0.000,-1
3192,0.000,0.000,0.000,0.000,0.000,-1
3193,0.000,0.000,0.000,0.000,0.800,-1
3194,0.000,0.000,0.000,0.000,0.800,-1
3195,0.000,0.000,0.000,0.000,0.800,-1
3196,0.000,0.000,0.000,0.000,0.774,-1
3197,0.000,0.000,0.000,0.000,0.751,-1
3198,0.000,0.000,0.000,0.000,0.600,-1
3199,0.000,0.000,0.000,0.000,0.426,-1
3200,0.000,0.000,0.000,0.000,0.269,-1
3201,0.000,0.000,0.000,0.000,0.114,-1
3202,0.000,0.000,0.000,0.000,0.000,-1
3203,0.000,0.000,0.000,0.000,0.771,-1
3204,0.000,0.000,0.000,0.000,0.595,-1
3205,0.000,0.000,0.000,0.000,0.442,-1
3206,0.000,0.000,0.000,0.000,0.290,-1
3207,0.000,0.000,0.000,0.000,0.800,-1
3208,0.000,0.000,0.000,0.000,0.800,-1
3209,0.000,0.000,0.000,0.000,0.800,-1
3210,0.000,0.000,0.000,0.000,0.800,-1
3211,0.000,0.000,0.000,0.000,0.800,-1
3212,0.000,0.000,0.000,0.000,0.697,-1
3213,0.000,0.000,0.000,0.000,0.539,-1
3214,0.000,0.000,0.000,0.000,0.377,-1
3215,0.000,0.000,0.000,0.000,0.224,-1
3216,0.000,0.000,0.000,0.000,0.067,-1
3217,0.000,0.000,0.000,0.000,0.000,-1
3218,0.000,0.000,0.000,0.000,0.000,-1
3219,0.000,0.000,0.000,0.000,0.000,-1
3220,0.000,0.000,0.000,0.000,0.000,-1
3221,0.000,0.000,0.000,0.000,0.800,-1
3222,0.000,0.000,0.000,0.000,0.800,-1
3223,0.000,0.000,0.000,0.000,0.800,-1
3224,0.000,0.000,0.000,0.000,0.800,-1
3225,0.000,0.000,0.000,0.000,0.800,-1
3226,0.000,0.000,0.000,0.000,0.750,-1
3227,0.000,0.000,0.000,0.000,0.701,-1
3228,0.000,0.000,0.000,0.000,0.546,-1
3229,0.000,0.000,0.000,0.000,0.371,-1
3230,0.000,0.000,0.000,0.000,0.199,-1
3231,0.000,0.000,0.000,0.000,0.046,-1
3232,0.000,0.000,0.000,0.000,0.000,-1
3233,0.000,0.000,0.000,0.000,0.000,-1
3234,0.000,0.000,0.000,0.000,0.000,-1
3235,0.000,0.000,0.000,0.000,0.000,-1
3236,0.000,0.000,0.000,0.000,0.000,-1
3237,0.000,0.000,0.000,0.000,0.000,-1
3238,0.000,0.000,0.000,0.000,0.000,-1
3239,0.000,0.000,0.000,0.000,0.000,-1
3240,0.000,0.000,0.000,0.000,0.000,-1
3241,0.000,0.000,0.000,0.000,0.000,-1
3242,0.000,0.000,0.000,0.000,0.000,-1
3243,0.000,0.000,0.000,0.000,0.000,-1
3244,0.000,0.000,0.000,0.000,0.000,-1
3245,0.000,0.000,0.000,0.000,0.000,-1
3246,0.000,0.000,0.000,0.000,0.000,-1
3247,0.000,0.000,0.000,0.000,0.000,-1
3248,0.000,0.000,0.000,0.000,0.000,-1
3249,0.000,0.000,0.000,0.000,0.000,-1
3250,0.000,0.000,0.000,0.000,0.000,-1
3251,0.000,0.000,0.000,0.000,0.000,-1
3252,0.000,0.000,0.000,0.000,0.000,-1
3253,0.000,0.000,0.000,0.000,0.000,-1
3254,0.000,0.000,0.000,0.000,0.000,-1
3255,0.000,0.000,0.000,0.000,0.000,-1
3256,0.000,0.000,0.000,0.000,0.000,-1
3257,0.000,0.000,0.000,0.000,0.000,-1
3258,0.000,0.000,0.000,0.000,0.000,-1
3259,0.000,0.000,0.000,0.000,0.000,-1
3260,0.000,0.000,0.000,0.000,0.000,-1
3261,0.000,0.000,0.000,0.000,0.000,-1
3262,0.000,0.000,0.000,0.000,0.000,-1
3263,0.000,0.000,0.000,0.000,0.000,-1
3264,0.000,0.000,0.000,0.000,0.000,-1
3265,0.000,0.000,0.000,0.000,0.000,-1
3266,0.000,0.000,0.000,0.000,0.000,-1
3267,0.000,0.000,0.000,0.000,0.000,-1
3268,0.000,0.000,0.000,0.000,0.000,-1
3269,0.000,0.000,0.000,0.000,0.000,-1
3270,0.000,0.000,0.000,0.000,0.000,-1
3271,0.000,0.000,0.000,0.000,0.000,-1
3272,0.000,0.000,0.000,0.000,0.000,-1
3273,0.000,0.000,0.000,0.000,0.000,-1
3274,0.000,0.000,0.000,0.000,0.000,-1
3275,0.000,0.000,0.000,0.000,0.000,-1
3276,0.000,0.000,0.000,0.000,0.000,-1
3277,0.000,0.000,0.000,0.000,0.000,-1
3278,0.000,0.000,0.000,0.000,0.000,-1
3279,0.000,0.000,0.000,0.000,0.000,-1
3280,0.000,0.000,0.000,0.000,0.000,-1
3281,0.000,0.000,0.000,0.000,0.000,-1
3282,0.000,0.000,0.000,0.000,0.000,-1
3283,0.000,0.000,0.000,0.000,0.000,-1
3284,0.000,0.000,0.000,0.000,0.000,-1
3285,0.000,0.000,0.000,0.000,0.000,-1
3286,0.000,0.000,0.000,0.000,0.000,-1
3287,0.000,0.000,0.000,0.000,0.800,-1
3288,0.000,0.000,0.000,0.000,0.800,-1
3289,0.000,0.000,0.000,0.000,0.800,-1
3290,0.000,0.000,0.000,0.000,0.800,-1
3291,0.000,0.000,0.000,0.000,0.800,-1
3292,0.000,0.000,0.000,0.000,0.664,-1
3293,0.000,0.000,0.000,0.000,0.505,-1
3294,0.000,0.000,0.000,0.000,0.349,-1
3295,0.000,0.000,0.000,0.000,0.193,-1
3296,0.000,0.000,0.000,0.000,0.035,-1
3297,0.000,0.000,0.000,0.000,0.000,-1
3298,0.000,0.000,0.000,0.000,0.777,-1
3299,0.000,0.000,0.000,0.000,0.621,-1
3300,0.000,0.000,0.000,0.000,0.465,-1
3301,0.000,0.000,0.000,0.000,0.800,-1
3302,0.000,0.000,0.000,0.000,0.800,-1
3303,0.000,0.000,0.000,0.000,0.800,-1
3304,0.000,0.000,0.000,0.000,0.800,-1
3305,0.000,0.000,0.000,0.000,0.778,-1
3306,0.000,0.000,0.000,0.000,0.619,-1
3307,0.000,0.000,0.000,0.000,0.800,-1
3308,0.000,0.000,0.000,0.000,0.800,-1
3309,0.000,0.000,0.000,0.000,0.800,-1
3310,0.000,0.000,0.000,0.000,0.800,-1
3311,0.000,0.000,0.000,0.000,0.800,-1
3312,0.000,0.000,0.000,0.000,0.636,-1
3313,0.000,0.000,0.000,0.000,0.800,-1
3314,0.000,0.000,0.000,0.000,0.800,-1
3315,0.000,0.000,0.000,0.000,0.800,-1
3316,0.000,0.000,0.000,0.000,0.800,-1
3317,0.000,0.000,0.000,0.000,0.777,-1
3318,0.000,0.000,0.000,0.000,0.620,-1
3319,0.000,0.000,0.000,0.000,0.464,-1
3320,0.000,0.000,0.000,0.000,0.304,-1
3321,0.000,0.000,0.000,0.000,0.147,-1
3322,0.000,0.000,0.000,0.000,0.000,-1
3323,0.000,0.000,0.000,0.000,0.000,-1
3324,0.000,0.000,0.000,0.000,0.800,-1
3325,0.000,0.000,0.000,0.000,0.800,-1
3326,0.000,0.000,0.000,0.000,0.691,-1
3327,0.000,0.000,0.000,0.000,0.529,-1
3328,0.000,0.000,0.000,0.000,0.367,-1
3329,0.000,0.000,0.000,0.000,0.197,-1
3330,0.000,0.000,0.000,0.000,0.036,-1
3331,0.000,0.000,0.000,0.000,0.000,-1
3332,0.000,0.000,0.000,0.000,0.000,-1
3333,0.000,0.000,0.000,0.000,0.000,-1
3334,0.000,0.000,0.000,0.000,0.000,-1
3335,0.000,0.000,0.000,0.000,0.000,-1
3336,0.000,0.000,0.000,0.000,0.000,-1
3337,0.000,0.000,0.000,0.000,0.000,-1
3338,0.000,0.000,0.000,0.000,0.000,-1
3339,0.000,0.000,0.000,0.000,0.000,-1
3340,0.000,0.000,0.000,0.000,0.000,-1
3341,0.000,0.000,0.000,0.000,0.000,-1
3342,0.000,0.000,0.000,0.000,0.000,-1
3343,0.000,0.000,0.000,0.000,0.000,-1
3344,0.000,0.000,0.000,0.000,0.000,-1
3345,0.000,0.000,0.000,0.000,0.000,-1
3346,0.000,0.000,0.000,0.000,0.000,-1
3347,0.000,0.000,0.000,0.000,0.000,-1
3348,0.000,0.000,0.000,0.000,0.000,-1
3349,0.000,0.000,0.000,0.000,0.000,-1
3350,0.000,0.000,0.000,0.000,0.000,-1
3351,0.000,0.000,0.000,0.000,0.000,-1
3352,0.000,0.000,0.000,0.000,0.000,-1
3353,0.000,0.000,0.000,0.000,0.000,-1
3354,0.000,0.000,0.000,0.000,0.000,-1
3355,0.000,0.000,0.000,0.000,0.000,-1
3356,0.000,0.000,0.000,0.000,0.000,-1
3357,0.000,0.000,0.000,0.000,0.000,-1
3358,0.000,0.000,0.000,0.000,0.000,-1
3359,0.000,0.000,0.000,0.000,0.000,-1
3360,0.000,0.000,0.000,0.000,0.000,-1
3361,0.000,0.000,0.000,0.000,0.000,-1
3362,0.000,0.000,0.000,0.000,0.000,-1
3363,0.000,0.000,0.000,0.000,0.000,-1
3364,0.000,0.000,0.000,0.000,0.000,-1
3365,0.000,0.000,0.000,0.000,0.000,-1
3366,0.000,0.000,0.000,0.000,0.000,-1
3367,0.000,0.000,0.000,0.000,0.000,-1
3368,0.000,0.000,0.000,0.000,0.000,-1
3369,0.000,0.000,0.000,0.000,0.000,-1
3370,0.000,0.000,0.000,0.000,0.000,-1
3371,0.000,0.000,0.000,0.000,0.000,-1
3372,0.000,0.000,0.000,0.000,0.000,-1
3373,0.000,0.000,0.000,0.000,0.000,-1
3374,0.000,0.000,0.000,0.000,0.000,-1
3375,0.000,0.000,0.000,0.000,0.000,-1
3376,0.000,0.000,0.000,0.000,0.000,-1
3377,0.000,0.000,0.000,0.000,0.000,-1
3378,0.000,0.000,0.000,0.000,0.000,-1
3379,0.000,0.000,0.000,0.000,0.000,-1
3380,0.000,0.000,0.000,0.000,0.000,-1
3381,0.000,0.000,0.000,0.000,0.000,-1
3382,0.000,0.000,0.000,0.000,0.000,-1
3383,0.000,0.000,0.000,0.000,0.000,-1
3384,0.000,0.000,0.000,0.000,0.000,-1
3385,0.000,0.000,0.000,0.000,0.000,-1
3386,0.000,0.000,0.000,0.000,0.000,-1
3387,0.000,0.000,0.000,0.000,0.000,-1
3388,0.000,0.000,0.000,0.000,0.000,-1
3389,0.000,0.000,0.000,0.000,0.000,-1
3390,0.000,0.000,0.000,0.000,0.000,-1
3391,0.000,0.000,0.000,0.000,0.000,-1
3392,0.000,0.000,0.000,0.000,0.000,-1
3393,0.000,0.000,0.000,0.000,0.000,-1
3394,0.000,0.000,0.000,0.000,0.000,-1
3395,0.000,0.000,0.000,0.000,0.000,-1
3396,0.000,0.000,0.000,0.000,0.000,-1
3397,0.000,0.000,0.000,0.000,0.000,-1
3398,0.000,0.000,0.000,0.000,0.000,-1
3399,0.000,0.000,0.000,0.000,0.000,-1
3400,0.000,0.000,0.000,0.000,0.000,-1
3401,0.000,0.000,0.000,0.000,0.000,-1
3402,0.000,0.000,0.000,0.000,0.000,-1
3403,0.000,0.000,0.000,0.000,0.000,-1
3404,0.000,0.000,0.000,0.000,0.000,-1
3405,0.000,0.000,0.000,0.000,0.000,-1
3406,0.000,0.000,0.000,0.000,0.000,-1
3407,0.000,0.000,0.000,0.000,0.000,-1
3408,0.000,0.000,0.000,0.000,0.000,-1
3409,0.000,0.000,0.000,0.000,0.000,-1
3410,0.000,0.000,0.000,0.000,0.000,-1
3411,0.000,0.000,0.000,0.000,0.000,-1
3412,0.000,0.000,0.000,0.000,0.000,-1
3413,0.000,0.000,0.000,0.000,0.000,-1
3414,0.000,0.000,0.000,0.000,0.000,-1
3415,0.000,0.000,0.000,0.000,0.000,-1
3416,0.000,0.000,0.000,0.000,0.000,-1
3417,0.000,0.000,0.000,0.000,0.000,-1
3418,0.000,0.000,0.000,0.000,0.000,-1
3419,0.000,0.000,0.000,0.000,0.000,-1
3420,0.000,0.000,0.000,0.000,0.000,-1
3421,0.000,0.000,0.000,0.000,0.000,-1
3422,0.000,0.000,0.000,0.000,0.000,-1
3423,0.000,0.000,0.000,0.000,0.000,-1
3424,0.000,0.000,0.000,0.000,0.000,-1
3425,0.000,0.000,0.000,0.000,0.000,-1
3426,0.000,0.000,0.000,0.000,0.000,-1
3427,0.000,0.000,0.000,0.000,0.000,-1
3428,0.000,0.000,0.000,0.000,0.000,-1
3429,0.000,0.000,0.000,0.000,0.000,-1
3430,0.000,0.000,0.000,0.000,0.000,-1
3431,0.000,0.000,0.000,0.000,0.000,-1
3432,0.000,0.000,0.000,0.000,0.000,-1
3433,0.000,0.000,0.000,0.000,0.000,-1
3434,0.000,0.000,0.000,0.000,0.000,-1
3435,0.000,0.000,0.000,0.000,0.000,-1
3436,0.000,0.000,0.000,0.000,0.000,-1
3437,0.000,0.000,0.000,0.000,0.000,-1
3438,0.000,0.000,0.000,0.000,0.000,-1
3439,0.000,0.000,0.000,0.000,0.000,-1
3440,0.000,0.000,0.000,0.000,0.000,-1
3441,0.000,0.000,0.000,0.000,0.000,-1
3442,0.000,0.000,0.000,0.000,0.000,-1
3443,0.000,0.000,0.000,0.000,0.000,-1
3444,0.000,0.000,0.000,0.000,0.000,-1
3445,0.000,0.000,0.000,0.000,0.000,-1
3446,0.000,0.000,0.000,0.000,0.000,-1
3447,0.000,0.000,0.000,0.000,0.000,-1
3448,0.000,0.000,0.000,0.000,0.000,-1
3449,0.000,0.000,0.000,0.000,0.000,-1
3450,0.000,0.000,0.000,0.000,0.000,-1
3451,0.000,0.000,0.000,0.000,0.000,-1
3452,0.000,0.000,0.000,0.000,0.000,-1
3453,0.000,0.000,0.000,0.000,0.000,-1
3454,0.000,0.000,0.000,0.000,0.000,-1
3455,0.000,0.000,0.000,0.000,0.000,-1
3456,0.000,0.000,0.000,0.000,0.000,-1
3457,0.000,0.000,0.000,0.000,0.000,-1
3458,0.000,0.000,0.000,0.000,0.000,-1
3459,0.000,0.000,0.000,0.000,0.000,-1
3460,0.000,0.000,0.000,0.000,0.000,-1
3461,0.000,0.000,0.000,0.000,0.000,-1
3462,0.000,0.000,0.000,0.000,0.000,-1
3463,0.000,0.000,0.000,0.000,0.000,-1
3464,0.000,0.000,0.000,0.000,0.000,-1
3465,0.000,0.000,0.000,0.000,0.000,-1
3466,0.000,0.000,0.000,0.000,0.000,-1
3467,0.000,0.000,0.000,0.000,0.000,-1
3468,0.000,0.000,0.000,0.000,0.000,-1
3469,0.000,0.000,0.000,0.000,0.000,-1
3470,0.000,0.000,0.000,0.000,0.000,-1
3471,0.000,0.000,0.000,0.000,0.000,-1
3472,0.000,0.000,0.000,0.000,0.000,-1
3473,0.000,0.000,0.000,0.000,0.000,-1
3474,0.000,0.000,0.000,0.000,0.000,-1
3475,0.000,0.000,0.000,0.000,0.000,-1
3476,0.000,0.000,0.000,0.000,0.000,-1
3477,0.000,0.000,0.000,0.000,0.000,-1
3478,0.000,0.000,0.000,0.000,0.000,-1
3479,0.000,0.000,0.000,0.000,0.000,-1
3480,0.000,0.000,0.000,0.000,0.000,-1
3481,0.000,0.000,0.000,0.000,0.000,-1
3482,0.000,0.000,0.000,0.000,0.000,-1
3483,0.000,0.000,0.000,0.000,0.000,-1
3484,0.000,0.000,0.000,0.000,0.000,-1
3485,0.000,0.000,0.000,0.000,0.000,-1
3486,0.000,0.000,0.000,0.000,0.000,-1
3487,0.000,0.000,0.000,0.000,0.000,-1
3488,0.000,0.000,0.000,0.000,0.000,-1
3489,0.000,0.000,0.000,0.000,0.000,-1
3490,0.000,0.000,0.000,0.000,0.000,-1
3491,0.000,0.000,0.000,0.000,0.000,-1
3492,0.000,0.000,0.000,0.000,0.000,-1
3493,0.000,0.000,0.000,0.000,0.000,-1
3494,0.000,0.000,0.000,0.000,0.000,-1
3495,0.000,0.000,0.000,0.000,0.000,-1
3496,0.000,0.000,0.000,0.000,0.000,-1
3497,0.000,0.000,0.000,0.000,0.000,-1
3498,0.000,0.000,0.000,0.000,0.000,-1
3499,0.000,0.000,0.000,0.000,0.000,-1
3500,0.000,0.000,0.000,0.000,0.000,-1
3501,0.000,0.000,0.000,0.000,0.000,-1
3502,0.000,0.000,0.000,0.000,0.000,-1
3503,0.000,0.000,0.000,0.000,0.000,-1
3504,0.000,0.000,0.000,0.000,0.000,-1
3505,0.000,0.000,0.000,0.000,0.000,-1
3506,0.000,0.000,0.000,0.000,0.000,-1
3507,0.000,0.000,0.000,0.000,0.000,-1
3508,0.000,0.000,0.000,0.000,0.000,-1
3509,0.000,0.000,0.000,0.000,0.000,-1
3510,0.000,0.000,0.000,0.000,0.000,-1
3511,0.000,0.000,0.000,0.000,0.000,-1
3512,0.000,0.000,0.000,0.000,0.000,-1
3513,0.000,0.000,0.000,0.000,0.000,-1
3514,0.000,0.000,0.000,0.000,0.000,-1
3515,0.000,0.000,0.000,0.000,0.000,-1
3516,0.000,0.000,0.000,0.000,0.000,-1
3517,0.000,0.000,0.000,0.000,0.000,-1
3518,0.000,0.000,0.000,0.000,0.000,-1
3519,0.000,0.000,0.000,0.000,0.000,-1
3520,0.000,0.000,0.000,0.000,0.000,-1
3521,0.000,0.000,0.000,0.000,0.000,-1
3522,0.000,0.000,0.000,0.000,0.000,-1
3523,0.000,0.000,0.000,0.000,0.000,-1
3524,0.000,0.000,0.000,0.000,0.000,-1
3525,0.000,0.000,0.000,0.000,0.000,-1
3526,0.000,0.000,0.000,0.000,0.000,-1
3527,0.000,0.000,0.000,0.000,0.000,-1
3528,0.000,0.000,0.000,0.000,0.000,-1
3529,0.000,0.000,0.000,0.000,0.000,-1
3530,0.000,0.000,0.000,0.000,0.000,-1
3531,0.000,0.000,0.000,0.000,0.000,-1
3532,0.000,0.000,0.000,0.000,0.000,-1
3533,0.000,0.000,0.000,0.000,0.000,-1
3534,0.000,0.000,0.000,0.000,0.000,-1
3535,0.000,0.000,0.000,0.000,0.000,-1
3536,0.000,0.000,0.000,0.000,0.000,-1
3537,0.000,0.000,0.000,0.000,0.000,-1
3538,0.000,0.000,0.000,0.000,0.000,-1
3539,0.000,0.000,0.000,0.000,0.000,-1
3540,0.000,0.000,0.000,0.000,0.000,-1
3541,0.000,0.000,0.000,0.000,0.000,-1
3542,0.000,0.000,0.000,0.000,0.000,-1
3543,0.000,0.000,0.000,0.000,0.000,-1
3544,0.000,0.000,0.000,0.000,0.000,-1
3545,0.000,0.000,0.000,0.000,0.000,-1
3546,0.000,0.000,0.000,0.000,0.000,-1
3547,0.000,0.000,0.000,0.000,0.000,-1
3548,0.000,0.000,0.000,0.000,0.000,-1
3549,0.000,0.000,0.000,0.000,0.000,-1
3550,0.000,0.000,0.000,0.000,0.000,-1
3551,0.000,0.000,0.000,0.000,0.000,-1
3552,0.000,0.000,0.000,0.000,0.000,-1
3553,0.000,0.000,0.000,0.000,0.000,-1
3554,0.000,0.000,0.000,0.000,0.000,-1
3555,0.000,0.000,0.000,0.000,0.000,-1
3556,0.000,0.000,0.000,0.000,0.000,-1
3557,0.000,0.000,0.000,0.000,0.000,-1
3558,0.000,0.000,0.000,0.000,0.000,-1
3559,0.000,0.000,0.000,0.000,0.000,-1
3560,0.000,0.000,0.000,0.000,0.000,-1
3561,0.000,0.000,0.000,0.000,0.000,-1
3562,0.000,0.000,0.000,0.000,0.000,-1
3563,0.000,0.000,0.000,0.000,0.000,-1
3564,0.000,0.000,0.000,0.000,0.000,-1
3565,0.000,0.000,0.000,0.000,0.000,-1
3566,0.000,0.000,0.000,0.000,0.000,-1
3567,0.000,0.000,0.000,0.000,0.000,-1
3568,0.000,0.000,0.000,0.000,0.000,-1
3569,0.000,0.000,0.000,0.000,0.000,-1
3570,0.000,0.000,0.000,0.000,0.000,-1
3571,0.000,0.000,0.000,0.000,0.000,-1
3572,0.000,0.000,0.000,0.000,0.000,-1
3573,0.000,0.000,0.000,0.000,0.000,-1
3574,0.000,0.000,0.000,0.000,0.000,-1
3575,0.000,0.000,0.000,0.000,0.000,-1
3576,0.000,0.000,0.000,0.000,0.000,-1
3577,0.000,0.000,0.000,0.000,0.000,-1
3578,0.000,0.000,0.000,0.000,0.000,-1
3579,0.000,0.000,0.000,0.000,0.000,-1
3580,0.000,0.000,0.000,0.000,0.800,-1
3581,0.000,0.000,0.000,0.000,0.703,-1
3582,0.000,0.000,0.000,0.000,0.530,-1
3583,0.000,0.000,0.000,0.000,0.366,-1
3584,0.000,0.000,0.000,0.000,0.203,-1
3585,0.000,0.000,0.000,0.000,0.035,-1
3586,0.000,0.000,0.000,0.000,0.000,-1
3587,0.000,0.000,0.000,0.000,0.000,-1
3588,0.000,0.000,0.000,0.000,0.000,-1
3589,0.000,0.000,0.000,0.000,0.000,-1
3590,0.000,0.000,0.000,0.000,0.000,-1
3591,0.000,0.000,0.000,0.000,0.000,-1
3592,0.000,0.000,0.000,0.000,0.000,-1
3593,0.000,0.000,0.000,0.000,0.000,-1
3594,0.000,0.000,0.000,0.000,0.000,-1
3595,0.000,0.000,0.000,0.000,0.000,-1
3596,0.000,0.000,0.000,0.000,0.000,-1
3597,0.000,0.000,0.000,0.000,0.000,-1
3598,0.000,0.000,0.000,0.000,0.000,-1
3599,0.000,0.000,0.000,0.000,0.000,-1
3600,0.000,0.000,0.000,0.000,0.000,-1
3601,0.000,0.000,0.000,0.000,0.000,-1
3602,0.000,0.000,0.000,0.000,0.000,-1
3603,0.000,0.000,0.000,0.000,0.000,-1
3604,0.000,0.000,0.000,0.000,0.000,-1
3605,1.000,0.000,0.000,0.000,0.000,-1
3606,1.000,0.300,0.300,0.300,0.000,-1
3607,1.000,0.586,0.586,0.586,0.000,-1
3608,1.000,0.870,0.870,0.870,0.000,-1
3609,1.000,1.000,1.000,1.000,0.000,-1
3610,1.000,1.000,1.000,1.000,0.000,-1
3611,1.000,1.000,1.000,1.000,0.000,-1
3612,1.000,1.000,1.000,1.000,0.000,-1
3613,1.000,1.000,1.000,1.000,0.000,-1
3614,1.000,1.000,1.000,1.000,0.000,-1
3615,1.000,1.000,1.000,1.000,0.000,-1
3616,1.000,1.000,1.000,1.000,0.000,-1
3617,1.000,1.000,1.000,1.000,0.000,-1
3618,0.000,0.553,0.553,0.553,0.000,-1
3619,0.000,0.000,0.000,0.000,0.000,-1
3620,0.000,0.000,0.000,0.000,0.000,-1
3621,0.000,0.000,0.000,0.000,0.000,-1
3622,0.000,0.000,0.000,0.000,0.000,-1
3623,0.000,0.000,0.000,0.000,0.000,-1
3624,0.000,0.000,0.000,0.000,0.800,-1
3625,0.000,0.000,0.000,0.000,0.710,-1
3626,0.000,0.000,0.000,0.000,0.552,-1
3627,1.000,0.000,0.000,0.000,0.389,-1
3628,0.000,0.041,0.041,0.041,0.231,-1
3629,0.000,0.000,0.000,0.000,0.071,-1
3630,0.000,0.000,0.000,0.000,0.000,-1
3631,0.000,0.000,0.000,0.000,0.000,-1
3632,0.000,0.000,0.000,0.000,0.000,-1
3633,0.000,0.000,0.000,0.000,0.000,-1
3634,0.000,0.000,0.000,0.000,0.000,-1
3635,0.000,0.000,0.000,0.000,0.000,-1
3636,0.000,0.000,0.000,0.000,0.000,-1
3637,0.000,0.000,0.000,0.000,0.000,-1
3638,0.000,0.000,0.000,0.000,0.000,-1
3639,0.000,0.000,0.000,0.000,0.000,-1
3640,0.000,0.000,0.000,0.000,0.000,-1
3641,0.000,0.000,0.000,0.000,0.000,-1
3642,0.000,0.000,0.000,0.000,0.000,-1
3643,0.000,0.000,0.000,0.000,0.000,-1
3644,0.000,0.000,0.000,0.000,0.000,-1
3645,0.000,0.000,0.000,0.000,0.000,-1
3646,0.000,0.000,0.000,0.000,0.000,-1
3647,0.000,0.000,0.000,0.000,0.000,-1
3648,0.000,0.000,0.000,0.000,0.000,-1
3649,0.000,0.000,0.000,0.000,0.000,-1
3650,0.000,0.000,0.000,0.000,0.000,-1
3651,0.000,0.000,0.000,0.000,0.000,-1
3652,0.000,0.000,0.000,0.000,0.000,-1
3653,0.000,0.000,0.000,0.000,0.000,-1
3654,0.000,0.000,0.000,0.000,0.000,-1
3655,0.000,0.000,0.000,0.000,0.000,-1
3656,0.000,0.000,0.000,0.000,0.000,-1
3657,0.000,0.000,0.000,0.000,0.000,-1
3658,0.000,0.000,0.000,0.000,0.000,-1
3659,0.000,0.000,0.000,0.000,0.000,-1
3660,0.000,0.000,0.000,0.000,0.000,-1
3661,0.000,0.000,0.000,0.000,0.000,-1
3662,0.000,0.000,0.000,0.000,0.000,-1
3663,0.000,0.000,0.000,0.000,0.000,-1
3664,0.000,0.000,0.000,0.000,0.000,-1
3665,0.000,0.000,0.000,0.000,0.000,-1
3666,0.000,0.000,0.000,0.000,0.000,-1
3667,0.000,0.000,0.000,0.000,0.000,-1
3668,0.000,0.000,0.000,0.000,0.000,-1
3669,0.000,0.000,0.000,0.000,0.000,-1
3670,0.000,0.000,0.000,0.000,0.000,-1
3671,0.000,0.000,0.000,0.000,0.000,-1
3672,0.000,0.000,0.000,0.000,0.000,-1
3673,0.000,0.000,0.000,0.000,0.000,-1
3674,0.000,0.000,0.000,0.000,0.000,-1
3675,0.000,0.000,0.000,0.000,0.000,-1
3676,0.000,0.000,0.000,0.000,0.000,-1
3677,0.000,0.000,0.000,0.000,0.000,-1
3678,0.000,0.000,0.000,0.000,0.000,-1
3679,0.000,0.000,0.000,0.000,0.000,-1
3680,0.000,0.000,0.000,0.000,0.000,-1
3681,0.000,0.000,0.000,0.000,0.000,-1
3682,0.000,0.000,0.000,0.000,0.000,-1
3683,0.000,0.000,0.000,0.000,0.000,-1
3684,0.000,0.000,0.000,0.000,0.000,-1
3685,0.000,0.000,0.000,0.000,0.000,-1
3686,0.000,0.000,0.000,0.000,0.000,-1
3687,0.000,0.000,0.000,0.000,0.000,-1
3688,0.000,0.000,0.000,0.000,0.000,-1
3689,0.000,0.000,0.000,0.000,0.000,-1
3690,0.000,0.000,0.000,0.000,0.000,-1
3691,0.000,0.000,0.000,0.000,0.000,-1
3692,0.000,0.000,0.000,0.000,0.800,-1
3693,0.000,0.000,0.000,0.000,0.748,-1
3694,0.000,0.000,0.000,0.000,0.588,-1
3695,0.000,0.000,0.000,0.000,0.422,-1
3696,0.000,0.000,0.000,0.000,0.262,-1
3697,0.000,0.000,0.000,0.000,0.102,-1
3698,0.000,0.000,0.000,0.000,0.000,-1
3699,0.000,0.000,0.000,0.000,0.000,-1
3700,0.000,0.000,0.000,0.000,0.000,-1
3701,0.000,0.000,0.000,0.000,0.000,-1
3702,0.000,0.000,0.000,0.000,0.000,-1
3703,0.000,0.000,0.000,0.000,0.000,-1
3704,0.000,0.000,0.000,0.000,0.000,-1
3705,0.000,0.000,0.000,0.000,0.000,-1
3706,0.000,0.000,0.000,0.000,0.800,-1
3707,0.000,0.000,0.000,0.000,0.720,-1
3708,0.000,0.000,0.000,0.000,0.560,-1
3709,0.000,0.000,0.000,0.000,0.402,-1
3710,0.000,0.000,0.000,0.000,0.239,-1
3711,0.000,0.000,0.000,0.000,0.800,-1
3712,0.000,0.000,0.000,0.000,0.746,-1
3713,0.000,0.000,0.000,0.000,0.584,-1
3714,0.000,0.000,0.000,0.000,0.430,-1
3715,0.000,0.000,0.000,0.000,0.273,-1
3716,0.000,0.000,0.000,0.000,0.116,-1
3717,0.000,0.000,0.000,0.000,0.800,-1
3718,0.000,0.000,0.000,0.000,0.800,-1
3719,0.000,0.000,0.000,0.000,0.800,-1
3720,0.000,0.000,0.000,0.000,0.800,-1
3721,0.000,0.000,0.000,0.000,0.800,-1
3722,0.000,0.000,0.000,0.000,0.750,-1
3723,0.000,0.000,0.000,0.000,0.597,-1
3724,0.000,0.000,0.000,0.000,0.800,-1
3725,0.000,0.000,0.000,0.000,0.800,-1
3726,0.000,0.000,0.000,0.000,0.800,-1
3727,0.000,0.000,0.000,0.000,0.800,-1
3728,0.000,0.000,0.000,0.000,0.800,-1
3729,0.000,0.000,0.000,0.000,0.723,-1
3730,0.000,0.000,0.000,0.000,0.569,-1
3731,0.000,0.000,0.000,0.000,0.800,-1
3732,0.000,0.000,0.000,0.000,0.800,-1
3733,0.000,0.000,0.000,0.000,0.800,-1
3734,0.000,0.000,0.000,0.000,0.800,-1
3735,0.000,0.000,0.000,0.000,0.800,-1
3736,0.000,0.000,0.000,0.000,0.800,-1
3737,0.000,0.000,0.000,0.000,0.750,-1
3738,0.000,0.000,0.000,0.000,0.800,-1
3739,0.000,0.000,0.000,0.000,0.800,-1
3740,0.000,0.000,0.000,0.000,0.800,-1
3741,0.000,0.000,0.000,0.000,0.800,-1
3742,0.000,0.000,0.000,0.000,0.776,-1
3743,0.000,0.000,0.000,0.000,0.626,-1
3744,0.000,0.000,0.000,0.000,0.800,-1
3745,0.000,0.000,0.000,0.000,0.800,-1
3746,0.000,0.000,0.000,0.000,0.800,-1
3747,0.000,0.000,0.000,0.000,0.800,-1
3748,0.000,0.000,0.000,0.000,0.800,-1
3749,0.000,0.000,0.000,0.000,0.628,-1
3750,0.000,0.000,0.000,0.000,0.473,-1
3751,0.000,0.000,0.000,0.000,0.800,-1
3752,0.000,0.000,0.000,0.000,0.800,-1
3753,0.000,0.000,0.000,0.000,0.800,-1
3754,0.000,0.000,0.000,0.000,0.800,-1
3755,0.000,0.000,0.000,0.000,0.725,-1
3756,0.000,0.000,0.000,0.000,0.571,-1
3757,0.000,0.000,0.000,0.000,0.800,-1
3758,0.000,0.000,0.000,0.000,0.800,-1
3759,0.000,0.000,0.000,0.000,0.800,-1
3760,0.000,0.000,0.000,0.000,0.800,-1
3761,0.000,0.000,0.000,0.000,0.800,-1
3762,0.000,0.000,0.000,0.000,0.800,-1
3763,0.000,0.000,0.000,0.000,0.750,-1
3764,0.000,0.000,0.000,0.000,0.775,-1
3765,0.000,0.000,0.000,0.000,0.617,-1
3766,0.000,0.000,0.000,0.000,0.465,-1
3767,0.000,0.000,0.000,0.000,0.309,-1
3768,0.000,0.000,0.000,0.000,0.158,-1
3769,0.000,0.000,0.000,0.000,0.007,-1
3770,0.000,0.000,0.000,0.000,0.000,-1
3771,0.000,0.000,0.000,0.000,0.775,-1
3772,0.000,0.000,0.000,0.000,0.619,-1
3773,0.000,0.000,0.000,0.000,0.467,-1
3774,0.000,0.000,0.000,0.000,0.316,-1
3775,0.000,0.000,0.000,0.000,0.800,-1
3776,0.000,0.000,0.000,0.000,0.800,-1
3777,0.000,0.000,0.000,0.000,0.800,-1
3778,0.000,0.000,0.000,0.000,0.800,-1
3779,0.000,0.000,0.000,0.000,0.800,-1
3780,0.000,0.000,0.000,0.000,0.800,-1
3781,0.000,0.000,0.000,0.000,0.646,-1
3782,0.000,0.000,0.000,0.000,0.496,-1
3783,0.000,0.000,0.000,0.000,0.336,-1
3784,0.000,0.000,0.000,0.000,0.183,-1
3785,0.000,0.000,0.000,0.000,0.030,-1
3786,0.000,0.000,0.000,0.000,0.000,-1
3787,0.000,0.000,0.000,0.000,0.000,-1
3788,0.000,0.000,0.000,0.000,0.000,-1
3789,0.000,0.000,0.000,0.000,0.000,-1
3790,0.000,0.000,0.000,0.000,0.000,-1
3791,0.000,0.000,0.000,0.000,0.000,-1
3792,0.000,0.000,0.000,0.000,0.000,-1
3793,1.000,0.243,0.243,0.243,0.000,-1
3794,1.000,0.000,0.000,0.000,0.800,-1
3795,0.000,0.000,0.000,0.000,0.800,-1
3796,0.000,0.000,0.000,0.000,0.644,-1
3797,0.000,0.000,0.000,0.000,0.483,-1
3798,0.000,0.000,0.000,0.000,0.321,-1
3799,0.000,0.000,0.000,0.000,0.163,-1
3800,0.000,0.000,0.000,0.000,0.007,-1
3801,0.000,0.000,0.000,0.000,0.000,-1
3802,0.000,0.000,0.000,0.000,0.000,-1
3803,0.000,0.000,0.000,0.000,0.000,-1
3804,0.000,0.000,0.000,0.000,0.000,-1
3805,0.000,0.000,0.000,0.000,0.000,-1
3806,0.000,0.000,0.000,0.000,0.000,-1
3807,0.000,0.000,0.000,0.000,0.000,-1
3808,0.000,0.000,0.000,0.000,0.000,-1
3809,0.000,0.000,0.000,0.000,0.000,-1
3810,0.000,0.000,0.000,0.000,0.000,-1
3811,0.000,0.000,0.000,0.000,0.000,-1
3812,0.000,0.000,0.000,0.000,0.000,-1
3813,0.000,0.000,0.000,0.000,0.000,-1
3814,0.000,0.000,0.000,0.000,0.000,-1
3815,0.000,0.000,0.000,0.000,0.000,-1
3816,0.000,0.000,0.000,0.000,0.000,-1
3817,0.000,0.000,0.000,0.000,0.000,-1
3818,0.000,0.000,0.000,0.000,0.000,-1
3819,0.000,0.000,0.000,0.000,0.000,-1
3820,0.000,0.000,0.000,0.000,0.000,-1
3821,0.000,0.000,0.000,0.000,0.000,-1
3822,0.000,0.000,0.000,0.000,0.000,-1
3823,0.000,0.000,0.000,0.000,0.000,-1
3824,1.000,0.047,0.047,0.047,0.000,-1
3825,1.000,0.335,0.335,0.335,0.000,-1
3826,0.998,0.618,0.618,0.618,0.000,-1
3827,0.998,0.901,0.901,0.901,0.000,-1
3828,0.998,0.998,0.998,0.998,0.000,-1
3829,0.998,0.998,0.998,0.998,0.000,-1
3830,0.998,0.998,0.998,0.998,0.000,-1
3831,0.998,0.998,0.998,0.998,0.000,-1
3832,0.998,0.998,0.998,0.998,0.000,-1
3833,0.968,0.965,0.965,0.965,0.000,-1
3834,1.000,1.000,1.000,1.000,0.000,-1
3835,1.000,1.000,1.000,1.000,0.000,-1
3836,1.000,1.000,1.000,1.000,0.000,-1
3837,1.000,1.000,1.000,1.000,0.000,-1
3838,1.000,1.000,1.000,1.000,0.000,-1
3839,1.000,1.000,1.000,1.000,0.000,-1
3840,1.000,1.000,1.000,1.000,0.000,-1
3841,1.000,1.000,1.000,1.000,0.000,-1
3842,1.000,1.000,1.000,1.000,0.000,-1
3843,1.000,1.000,1.000,1.000,0.000,-1
3844,1.000,1.000,1.000,1.000,0.000,-1
3845,1.000,1.000,1.000,1.000,0.000,-1
3846,1.000,1.000,1.000,1.000,0.000,-1
3847,1.000,1.000,1.000,1.000,0.000,-1
3848,1.000,1.000,1.000,1.000,0.000,-1
3849,1.000,1.000,1.000,1.000,0.000,-1
3850,1.000,1.000,1.000,1.000,0.000,-1
3851,1.000,1.000,1.000,1.000,0.000,-1
3852,1.000,1.000,1.000,1.000,0.000,-1
3853,0.000,0.550,0.550,0.550,0.000,-1
3854,0.000,0.000,0.000,0.000,0.000,-1
3855,0.000,0.000,0.000,0.000,0.000,-1
3856,0.000,0.000,0.000,0.000,0.000,-1
3857,0.000,0.000,0.000,0.000,0.000,-1
3858,0.000,0.000,0.000,0.000,0.000,-1
3859,1.000,0.000,0.000,0.000,0.800,-1
3860,1.000,0.000,0.000,0.000,0.773,-1
3861,1.000,0.000,0.000,0.000,0.603,-1
3862,1.000,0.000,0.000,0.000,0.437,-1
3863,1.000,0.000,0.000,0.000,0.273,-1
3864,1.000,0.000,0.000,0.000,0.113,-1
3865,1.000,0.149,0.149,0.149,0.000,-1
3866,1.000,0.445,0.445,0.445,0.000,-1
3867,1.000,0.742,0.742,0.742,0.000,-1
3868,1.000,1.000,1.000,1.000,0.000,-1
3869,1.000,1.000,1.000,1.000,0.000,-1
3870,1.000,1.000,1.000,1.000,0.000,-1
3871,1.000,1.000,1.000,1.000,0.000,-1
3872,1.000,1.000,1.000,1.000,0.000,-1
3873,0.000,0.000,0.000,0.000,0.000,-1
3874,0.000,0.000,0.000,0.000,0.000,-1
3875,0.000,0.000,0.000,0.000,0.000,-1
3876,0.000,0.000,0.000,0.000,0.000,-1
3877,0.000,0.000,0.000,0.000,0.000,-1
3878,0.000,0.000,0.000,0.000,0.000,-1
3879,0.000,0.000,0.000,0.000,0.000,-1
3880,0.000,0.000,0.000,0.000,0.000,-1
3881,1.000,0.195,0.195,0.195,0.000,-1
3882,1.000,0.482,0.482,0.482,0.000,-1
3883,1.000,0.777,0.777,0.777,0.000,-1
3884,1.000,1.000,1.000,1.000,0.000,-1
3885,1.000,1.000,1.000,1.000,0.000,-1
3886,1.000,1.000,1.000,1.000,0.000,-1
3887,1.000,1.000,1.000,1.000,0.000,-1
3888,0.000,0.065,0.065,0.065,0.000,-1
3889,0.000,0.000,0.000,0.000,0.000,-1
3890,0.000,0.000,0.000,0.000,0.000,-1
3891,0.000,0.000,0.000,0.000,0.000,-1
3892,0.000,0.000,0.000,0.000,0.000,-1
3893,0.000,0.000,0.000,0.000,0.000,-1
3894,0.000,0.000,0.000,0.000,0.000,-1
3895,0.000,0.000,0.000,0.000,0.000,-1
3896,1.000,0.236,0.236,0.236,0.000,-1
3897,1.000,0.520,0.520,0.520,0.000,-1
3898,1.000,0.804,0.804,0.804,0.000,-1
3899,1.000,1.000,1.000,1.000,0.000,-1
3900,1.000,1.000,1.000,1.000,0.000,-1
3901,1.000,1.000,1.000,1.000,0.000,-1
3902,1.000,1.000,1.000,1.000,0.000,-1
3903,0.000,0.165,0.165,0.165,0.000,-1
3904,0.000,0.000,0.000,0.000,0.000,-1
3905,0.000,0.000,0.000,0.000,0.000,-1
3906,0.000,0.000,0.000,0.000,0.000,-1
3907,0.000,0.000,0.000,0.000,0.000,-1
3908,0.000,0.000,0.000,0.000,0.000,-1
3909,0.000,0.000,0.000,0.000,0.000,-1
3910,0.000,0.000,0.000,0.000,0.000,-1
3911,0.000,0.000,0.000,0.000,0.000,-1
3912,0.000,0.000,0.000,0.000,0.000,-1
3913,0.000,0.000,0.000,0.000,0.000,-1
3914,0.000,0.000,0.000,0.000,0.000,-1
3915,0.000,0.000,0.000,0.000,0.000,-1
3916,0.000,0.000,0.000,0.000,0.000,-1
3917,0.000,0.000,0.000,0.000,0.000,-1
3918,0.000,0.000,0.000,0.000,0.000,-1
3919,0.000,0.000,0.000,0.000,0.000,-1
3920,0.000,0.000,0.000,0.000,0.000,-1
3921,0.000,0.000,0.000,0.000,0.000,-1
3922,0.000,0.000,0.000,0.000,0.000,-1
3923,0.000,0.000,0.000,0.000,0.000,-1
3924,0.000,0.000,0.000,0.000,0.000,-1
3925,0.000,0.000,0.000,0.000,0.000,-1
3926,0.000,0.000,0.000,0.000,0.000,-1
3927,0.000,0.000,0.000,0.000,0.000,-1
3928,0.000,0.000,0.000,0.000,0.000,-1
3929,0.000,0.000,0.000,0.000,0.000,-1
3930,0.000,0.000,0.000,0.000,0.000,-1
3931,0.000,0.000,0.000,0.000,0.000,-1
3932,0.000,0.000,0.000,0.000,0.000,-1
3933,0.000,0.000,0.000,0.000,0.000,-1
3934,0.000,0.000,0.000,0.000,0.000,-1
3935,0.000,0.000,0.000,0.000,0.000,-1
3936,0.000,0.000,0.000,0.000,0.000,-1
3937,0.000,0.000,0.000,0.000,0.000,-1
3938,0.000,0.000,0.000,0.000,0.000,-1
3939,0.000,0.000,0.000,0.000,0.000,-1
3940,0.000,0.000,0.000,0.000,0.000,-1
3941,0.000,0.000,0.000,0.000,0.000,-1
3942,0.000,0.000,0.000,0.000,0.000,-1
3943,0.000,0.000,0.000,0.000,0.000,-1
3944,0.000,0.000,0.000,0.000,0.000,-1
3945,0.000,0.000,0.000,0.000,0.000,-1
3946,0.000,0.000,0.000,0.000,0.000,-1
3947,0.000,0.000,0.000,0.000,0.000,-1
3948,0.000,0.000,0.000,0.000,0.000,-1
3949,0.000,0.000,0.000,0.000,0.000,-1
3950,0.000,0.000,0.000,0.000,0.000,-1
3951,0.000,0.000,0.000,0.000,0.000,-1
3952,0.000,0.000,0.000,0.000,0.000,-1
3953,0.000,0.000,0.000,0.000,0.000,-1
3954,0.000,0.000,0.000,0.000,0.000,-1
3955,0.000,0.000,0.000,0.000,0.000,-1
3956,0.000,0.000,0.000,0.000,0.000,-1
3957,0.000,0.000,0.000,0.000,0.000,-1
3958,0.000,0.000,0.000,0.000,0.000,-1
3959,0.000,0.000,0.000,0.000,0.000,-1
3960,0.000,0.000,0.000,0.000,0.000,-1
3961,0.000,0.000,0.000,0.000,0.000,-1
3962,0.000,0.000,0.000,0.000,0.000,-1
3963,0.000,0.000,0.000,0.000,0.000,-1
3964,0.000,0.000,0.000,0.000,0.000,-1
3965,0.000,0.000,0.000,0.000,0.000,-1
3966,0.000,0.000,0.000,0.000,0.000,-1
3967,0.000,0.000,0.000,0.000,0.000,-1
3968,0.000,0.000,0.000,0.000,0.000,-1
3969,0.000,0.000,0.000,0.000,0.000,-1
3970,0.000,0.000,0.000,0.000,0.000,-1
3971,0.000,0.000,0.000,0.000,0.000,-1
3972,0.000,0.000,0.000,0.000,0.000,-1
3973,0.000,0.000,0.000,0.000,0.000,-1
3974,0.000,0.000,0.000,0.000,0.000,-1
3975,0.000,0.000,0.000,0.000,0.000,-1
3976,0.000,0.000,0.000,0.000,0.000,-1
3977,0.000,0.000,0.000,0.000,0.000,-1
3978,0.000,0.000,0.000,0.000,0.000,-1
3979,0.000,0.000,0.000,0.000,0.000,-1
3980,0.000,0.000,0.000,0.000,0.000,-1
3981,0.000,0.000,0.000,0.000,0.000,-1
3982,0.000,0.000,0.000,0.000,0.000,-1
3983,0.000,0.000,0.000,0.000,0.000,-1
3984,0.000,0.000,0.000,0.000,0.000,-1
3985,0.000,0.000,0.000,0.000,0.000,-1
3986,0.000,0.000,0.000,0.000,0.000,-1
3987,0.000,0.000,0.000,0.000,0.000,-1
3988,0.000,0.000,0.000,0.000,0.000,-1
3989,0.000,0.000,0.000,0.000,0.000,-1
3990,0.000,0.000,0.000,0.000,0.000,-1
3991,0.000,0.000,0.000,0.000,0.000,-1
3992,0.000,0.000,0.000,0.000,0.000,-1
3993,0.000,0.000,0.000,0.000,0.000,-1
3994,0.000,0.000,0.000,0.000,0.000,-1
3995,0.000,0.000,0.000,0.000,0.000,-1
3996,0.000,0.000,0.000,0.000,0.000,-1
3997,0.000,0.000,0.000,0.000,0.000,-1
3998,0.000,0.000,0.000,0.000,0.000,-1
3999,0.000,0.000,0.000,0.000,0.000,-1
4000,0.000,0.000,0.000,0.000,0.000,-1
4001,0.000,0.000,0.000,0.000,0.000,-1
4002,0.000,0.000,0.000,0.000,0.000,-1
4003,0.000,0.000,0.000,0.000,0.000,-1
4004,0.000,0.000,0.000,0.000,0.000,-1
4005,0.000,0.000,0.000,0.000,0.000,-1
4006,0.000,0.000,0.000,0.000,0.000,-1
4007,0.000,0.000,0.000,0.000,0.000,-1
4008,0.000,0.000,0.000,0.000,0.000,-1
4009,0.000,0.000,0.000,0.000,0.000,-1
4010,0.000,0.000,0.000,0.000,0.000,-1
4011,0.000,0.000,0.000,0.000,0.000,-1
4012,0.000,0.000,0.000,0.000,0.000,-1
4013,0.000,0.000,0.000,0.000,0.000,-1
4014,0.000,0.000,0.000,0.000,0.000,-1
4015,0.000,0.000,0.000,0.000,0.000,-1
4016,0.000,0.000,0.000,0.000,0.000,-1
4017,0.000,0.000,0.000,0.000,0.000,-1
4018,0.000,0.000,0.000,0.000,0.000,-1
4019,0.000,0.000,0.000,0.000,0.000,-1
4020,0.000,0.000,0.000,0.000,0.000,-1
4021,0.000,0.000,0.000,0.000,0.000,-1
4022,0.000,0.000,0.000,0.000,0.000,-1
4023,0.000,0.000,0.000,0.000,0.000,-1
4024,0.000,0.000,0.000,0.000,0.000,-1
4025,0.000,0.000,0.000,0.000,0.000,-1
4026,0.000,0.000,0.000,0.000,0.000,-1
4027,0.000,0.000,0.000,0.000,0.000,-1
4028,0.000,0.000,0.000,0.000,0.000,-1
4029,0.000,0.000,0.000,0.000,0.000,-1
4030,0.000,0.000,0.000,0.000,0.000,-1
4031,0.000,0.000,0.000,0.000,0.000,-1
4032,0.000,0.000,0.000,0.000,0.000,-1
4033,0.000,0.000,0.000,0.000,0.000,-1
4034,0.000,0.000,0.000,0.000,0.000,-1
4035,0.000,0.000,0.000,0.000,0.000,-1
4036,0.000,0.000,0.000,0.000,0.000,-1
4037,0.000,0.000,0.000,0.000,0.000,-1
4038,0.000,0.000,0.000,0.000,0.000,-1
4039,0.000,0.000,0.000,0.000,0.000,-1
4040,0.000,0.000,0.000,0.000,0.000,-1
4041,0.000,0.000,0.000,0.000,0.000,-1
4042,0.000,0.000,0.000,0.000,0.000,-1
4043,0.000,0.000,0.000,0.000,0.000,-1
4044,0.000,0.000,0.000,0.000,0.000,-1
4045,0.000,0.000,0.000,0.000,0.000,-1
4046,0.000,0.000,0.000,0.000,0.000,-1
4047,0.000,0.000,0.000,0.000,0.000,-1
4048,0.000,0.000,0.000,0.000,0.000,-1
4049,0.000,0.000,0.000,0.000,0.000,-1
4050,0.000,0.000,0.000,0.000,0.000,-1
4051,0.000,0.000,0.000,0.000,0.000,-1
4052,0.000,0.000,0.000,0.000,0.000,-1
4053,0.000,0.000,0.000,0.000,0.000,-1
4054,0.000,0.000,0.000,0.000,0.000,-1
4055,0.000,0.000,0.000,0.000,0.000,-1
4056,0.000,0.000,0.000,0.000,0.000,-1
4057,0.000,0.000,0.000,0.000,0.000,-1
4058,0.000,0.000,0.000,0.000,0.000,-1
4059,0.000,0.000,0.000,0.000,0.000,-1
4060,0.000,0.000,0.000,0.000,0.000,-1
4061,0.000,0.000,0.000,0.000,0.000,-1
4062,0.000,0.000,0.000,0.000,0.000,-1
4063,0.000,0.000,0.000,0.000,0.000,-1
4064,0.000,0.000,0.000,0.000,0.000,-1
4065,0.000,0.000,0.000,0.000,0.000,-1
4066,0.000,0.000,0.000,0.000,0.000,-1
4067,0.000,0.000,0.000,0.000,0.000,-1
4068,0.000,0.000,0.000,0.000,0.000,-1
4069,0.000,0.000,0.000,0.000,0.000,-1
4070,0.000,0.000,0.000,0.000,0.000,-1
4071,0.000,0.000,0.000,0.000,0.000,-1
4072,0.000,0.000,0.000,0.000,0.000,-1
4073,0.000,0.000,0.000,0.000,0.000,-1
4074,0.000,0.000,0.000,0.000,0.000,-1
4075,0.000,0.000,0.000,0.000,0.000,-1
4076,0.000,0.000,0.000,0.000,0.000,-1
4077,0.000,0.000,0.000,0.000,0.000,-1
4078,0.000,0.000,0.000,0.000,0.000,-1
4079,0.000,0.000,0.000,0.000,0.000,-1
4080,0.000,0.000,0.000,0.000,0.000,-1
4081,0.000,0.000,0.000,0.000,0.000,-1
4082,0.000,0.000,0.000,0.000,0.000,-1
4083,0.000,0.000,0.000,0.000,0.000,-1
4084,0.000,0.000,0.000,0.000,0.000,-1
4085,0.000,0.000,0.000,0.000,0.000,-1
4086,0.000,0.000,0.000,0.000,0.000,-1
4087,0.000,0.000,0.000,0.000,0.000,-1
4088,0.000,0.000,0.000,0.000,0.000,-1
4089,0.000,0.000,0.000,0.000,0.000,-1
4090,0.000,0.000,0.000,0.000,0.000,-1
4091,0.000,0.000,0.000,0.000,0.000,-1
4092,0.000,0.000,0.000,0.000,0.000,-1
4093,0.000,0.000,0.000,0.000,0.000,-1
4094,0.000,0.000,0.000,0.000,0.000,-1
4095,0.000,0.000,0.000,0.000,0.000,-1
4096,0.000,0.000,0.000,0.000,0.000,-1
4097,0.000,0.000,0.000,0.000,0.000,-1
4098,0.000,0.000,0.000,0.000,0.000,-1
4099,0.000,0.000,0.000,0.000,0.000,-1
4100,0.000,0.000,0.000,0.000,0.000,-1
4101,0.000,0.000,0.000,0.000,0.000,-1
4102,0.000,0.000,0.000,0.000,0.000,-1
4103,0.000,0.000,0.000,0.000,0.000,-1
4104,0.000,0.000,0.000,0.000,0.000,-1
4105,0.000,0.000,0.000,0.000,0.000,-1
4106,0.000,0.000,0.000,0.000,0.000,-1
4107,0.000,0.000,0.000,0.000,0.000,-1
4108,0.000,0.000,0.000,0.000,0.800,-1
4109,0.000,0.000,0.000,0.000,0.643,-1
4110,0.000,0.000,0.000,0.000,0.488,-1
4111,0.000,0.000,0.000,0.000,0.335,-1
4112,0.000,0.000,0.000,0.000,0.183,-1
4113,0.000,0.000,0.000,0.000,0.028,-1
4114,0.000,0.000,0.000,0.000,0.000,-1
4115,0.000,0.000,0.000,0.000,0.000,-1
4116,0.000,0.000,0.000,0.000,0.000,-1
4117,0.000,0.000,0.000,0.000,0.000,-1
4118,0.000,0.000,0.000,0.000,0.000,-1
4119,0.000,0.000,0.000,0.000,0.000,-1
4120,0.000,0.000,0.000,0.000,0.000,-1
4121,0.000,0.000,0.000,0.000,0.000,-1
4122,0.000,0.000,0.000,0.000,0.000,-1
4123,0.000,0.000,0.000,0.000,0.000,-1
4124,0.000,0.000,0.000,0.000,0.000,-1
4125,0.000,0.000,0.000,0.000,0.000,-1
4126,0.000,0.000,0.000,0.000,0.000,-1
4127,0.000,0.000,0.000,0.000,0.000,-1
4128,0.000,0.000,0.000,0.000,0.000,-1
4129,0.000,0.000,0.000,0.000,0.000,-1
4130,0.000,0.000,0.000,0.000,0.000,-1
4131,0.000,0.000,0.000,0.000,0.000,-1
4132,0.000,0.000,0.000,0.000,0.000,-1
4133,0.000,0.000,0.000,0.000,0.000,-1
4134,0.000,0.000,0.000,0.000,0.000,-1
4135,0.000,0.000,0.000,0.000,0.000,-1
4136,0.000,0.000,0.000,0.000,0.000,-1
4137,0.000,0.000,0.000,0.000,0.000,-1
4138,0.000,0.000,0.000,0.000,0.000,-1
4139,0.000,0.000,0.000,0.000,0.000,-1
4140,0.000,0.000,0.000,0.000,0.000,-1
4141,0.000,0.000,0.000,0.000,0.000,-1
4142,0.000,0.000,0.000,0.000,0.000,-1
4143,0.000,0.000,0.000,0.000,0.000,-1
4144,0.000,0.000,0.000,0.000,0.000,-1
4145,0.000,0.000,0.000,0.000,0.000,-1
4146,0.000,0.000,0.000,0.000,0.000,-1
4147,0.000,0.000,0.000,0.000,0.000,-1
4148,0.000,0.000,0.000,0.000,0.000,-1
4149,0.000,0.000,0.000,0.000,0.000,-1
4150,0.000,0.000,0.000,0.000,0.000,-1
4151,0.000,0.000,0.000,0.000,0.000,-1
4152,0.000,0.000,0.000,0.000,0.000,-1
4153,0.000,0.000,0.000,0.000,0.000,-1
4154,0.000,0.000,0.000,0.000,0.000,-1
4155,0.000,0.000,0.000,0.000,0.000,-1
4156,0.000,0.000,0.000,0.000,0.000,-1
4157,0.000,0.000,0.000,0.000,0.000,-1
4158,0.000,0.000,0.000,0.000,0.000,-1
4159,0.000,0.000,0.000,0.000,0.000,-1
4160,0.000,0.000,0.000,0.000,0.000,-1
4161,0.000,0.000,0.000,0.000,0.000,-1
4162,0.000,0.000,0.000,0.000,0.000,-1
4163,0.000,0.000,0.000,0.000,0.000,-1
4164,0.000,0.000,0.000,0.000,0.000,-1
4165,0.000,0.000,0.000,0.000,0.000,-1
4166,0.000,0.000,0.000,0.000,0.000,-1
4167,0.000,0.000,0.000,0.000,0.000,-1
4168,0.000,0.000,0.000,0.000,0.000,-1
4169,0.000,0.000,0.000,0.000,0.000,-1
4170,0.000,0.000,0.000,0.000,0.000,-1
4171,0.000,0.000,0.000,0.000,0.000,-1
4172,0.000,0.000,0.000,0.000,0.000,-1
4173,0.000,0.000,0.000,0.000,0.000,-1
4174,0.000,0.000,0.000,0.000,0.000,-1
4175,0.000,0.000,0.000,0.000,0.000,-1
4176,0.000,0.000,0.000,0.000,0.000,-1
4177,0.000,0.000,0.000,0.000,0.000,-1
4178,0.000,0.000,0.000,0.000,0.000,-1
4179,0.000,0.000,0.000,0.000,0.000,-1
4180,0.000,0.000,0.000,0.000,0.000,-1
4181,0.000,0.000,0.000,0.000,0.000,-1
4182,0.000,0.000,0.000,0.000,0.000,-1
4183,0.000,0.000,0.000,0.000,0.000,-1
4184,0.000,0.000,0.000,0.000,0.000,-1
4185,0.000,0.000,0.000,0.000,0.000,-1
4186,0.000,0.000,0.000,0.000,0.000,-1
4187,0.000,0.000,0.000,0.000,0.000,-1
4188,0.000,0.000,0.000,0.000,0.000,-1
4189,0.000,0.000,0.000,0.000,0.000,-1
4190,0.000,0.000,0.000,0.000,0.000,-1
4191,0.000,0.000,0.000,0.000,0.000,-1
4192,0.000,0.000,0.000,0.000,0.000,-1
4193,0.000,0.000,0.000,0.000,0.000,-1
4194,0.000,0.000,0.000,0.000,0.000,-1
4195,0.000,0.000,0.000,0.000,0.000,-1
4196,0.000,0.000,0.000,0.000,0.000,-1
4197,0.000,0.000,0.000,0.000,0.000,-1
4198,0.000,0.000,0.000,0.000,0.000,-1
4199,0.000,0.000,0.000,0.000,0.000,-1
4200,0.000,0.000,0.000,0.000,0.000,-1
4201,0.000,0.000,0.000,0.000,0.000,-1
4202,0.000,0.000,0.000,0.000,0.000,-1
4203,0.000,0.000,0.000,0.000,0.000,-1
4204,0.000,0.000,0.000,0.000,0.000,-1
4205,0.000,0.000,0.000,0.000,0.000,-1
4206,0.000,0.000,0.000,0.000,0.000,-1
4207,0.000,0.000,0.000,0.000,0.000,-1
4208,0.000,0.000,0.000,0.000,0.000,-1
4209,0.000,0.000,0.000,0.000,0.000,-1
4210,0.000,0.000,0.000,0.000,0.000,-1
4211,0.000,0.000,0.000,0.000,0.000,-1
4212,0.000,0.000,0.000,0.000,0.000,-1
4213,0.000,0.000,0.000,0.000,0.000,-1
4214,0.000,0.000,0.000,0.000,0.000,-1
4215,0.000,0.000,0.000,0.000,0.000,-1
4216,0.000,0.000,0.000,0.000,0.000,-1
4217,0.000,0.000,0.000,0.000,0.000,-1
4218,0.000,0.000,0.000,0.000,0.000,-1
4219,0.000,0.000,0.000,0.000,0.000,-1
4220,0.000,0.000,0.000,0.000,0.000,-1
4221,0.000,0.000,0.000,0.000,0.000,-1
4222,0.000,0.000,0.000,0.000,0.000,-1
4223,0.000,0.000,0.000,0.000,0.000,-1
4224,0.000,0.000,0.000,0.000,0.000,-1
4225,0.000,0.000,0.000,0.000,0.000,-1
4226,0.000,0.000,0.000,0.000,0.000,-1
4227,0.000,0.000,0.000,0.000,0.000,-1
4228,0.000,0.000,0.000,0.000,0.000,-1
4229,0.000,0.000,0.000,0.000,0.000,-1
4230,0.000,0.000,0.000,0.000,0.000,-1
4231,0.000,0.000,0.000,0.000,0.000,-1
4232,0.000,0.000,0.000,0.000,0.000,-1
4233,0.000,0.000,0.000,0.000,0.000,-1
4234,0.000,0.000,0.000,0.000,0.000,-1
4235,0.000,0.000,0.000,0.000,0.000,-1
4236,0.000,0.000,0.000,0.000,0.000,-1
4237,0.000,0.000,0.000,0.000,0.000,-1
4238,0.000,0.000,0.000,0.000,0.000,-1
4239,0.000,0.000,0.000,0.000,0.000,-1
4240,0.000,0.000,0.000,0.000,0.000,-1
4241,0.000,0.000,0.000,0.000,0.000,-1
4242,0.000,0.000,0.000,0.000,0.000,-1
4243,0.000,0.000,0.000,0.000,0.000,-1
4244,0.000,0.000,0.000,0.000,0.000,-1
4245,0.000,0.000,0.000,0.000,0.000,-1
4246,0.000,0.000,0.000,0.000,0.000,-1
4247,0.000,0.000,0.000,0.000,0.000,-1
4248,0.000,0.000,0.000,0.000,0.000,-1
4249,0.000,0.000,0.000,0.000,0.000,-1
4250,0.000,0.000,0.000,0.000,0.000,-1
4251,0.000,0.000,0.000,0.000,0.000,-1
4252,0.000,0.000,0.000,0.000,0.000,-1
4253,0.000,0.000,0.000,0.000,0.000,-1
4254,0.000,0.000,0.000,0.000,0.000,-1
4255,0.000,0.000,0.000,0.000,0.000,-1
4256,0.000,0.000,0.000,0.000,0.000,-1
4257,0.000,0.000,0.000,0.000,0.000,-1
4258,0.000,0.000,0.000,0.000,0.000,-1
4259,0.000,0.000,0.000,0.000,0.000,-1
4260,0.000,0.000,0.000,0.000,0.000,-1
4261,0.000,0.000,0.000,0.000,0.000,-1
4262,0.000,0.000,0.000,0.000,0.000,-1
4263,0.000,0.000,0.000,0.000,0.000,-1
4264,0.000,0.000,0.000,0.000,0.000,-1
4265,0.000,0.000,0.000,0.000,0.000,-1
4266,0.000,0.000,0.000,0.000,0.000,-1
4267,0.000,0.000,0.000,0.000,0.000,-1
4268,0.000,0.000,0.000,0.000,0.000,-1
4269,0.000,0.000,0.000,0.000,0.000,-1
4270,0.000,0.000,0.000,0.000,0.000,-1
4271,0.000,0.000,0.000,0.000,0.000,-1
4272,0.000,0.000,0.000,0.000,0.000,-1
4273,0.000,0.000,0.000,0.000,0.000,-1
4274,0.000,0.000,0.000,0.000,0.000,-1
4275,0.000,0.000,0.000,0.000,0.000,-1
4276,0.000,0.000,0.000,0.000,0.000,-1
4277,0.000,0.000,0.000,0.000,0.000,-1
4278,0.000,0.000,0.000,0.000,0.000,-1
4279,0.000,0.000,0.000,0.000,0.000,-1
4280,0.000,0.000,0.000,0.000,0.000,-1
4281,0.000,0.000,0.000,0.000,0.000,-1
4282,0.000,0.000,0.000,0.000,0.000,-1
4283,0.000,0.000,0.000,0.000,0.000,-1
4284,0.000,0.000,0.000,0.000,0.000,-1
4285,0.000,0.000,0.000,0.000,0.000,-1
4286,0.000,0.000,0.000,0.000,0.000,-1
4287,0.000,0.000,0.000,0.000,0.000,-1
4288,0.000,0.000,0.000,0.000,0.000,-1
4289,0.000,0.000,0.000,0.000,0.000,-1
4290,0.000,0.000,0.000,0.000,0.000,-1
4291,0.000,0.000,0.000,0.000,0.000,-1
4292,0.000,0.000,0.000,0.000,0.000,-1
4293,0.000,0.000,0.000,0.000,0.000,-1
4294,0.000,0.000,0.000,0.000,0.000,-1
4295,0.000,0.000,0.000,0.000,0.000,-1
4296,0.000,0.000,0.000,0.000,0.000,-1
4297,0.000,0.000,0.000,0.000,0.000,-1
4298,0.000,0.000,0.000,0.000,0.000,-1
4299,0.000,0.000,0.000,0.000,0.000,-1
4300,0.000,0.000,0.000,0.000,0.000,-1
4301,0.000,0.000,0.000,0.000,0.000,-1
4302,0.000,0.000,0.000,0.000,0.000,-1
4303,0.000,0.000,0.000,0.000,0.000,-1
4304,0.000,0.000,0.000,0.000,0.000,-1
4305,0.000,0.000,0.000,0.000,0.000,-1
4306,0.000,0.000,0.000,0.000,0.000,-1
4307,0.000,0.000,0.000,0.000,0.000,-1
4308,0.000,0.000,0.000,0.000,0.000,-1
4309,0.000,0.000,0.000,0.000,0.000,-1
4310,0.000,0.000,0.000,0.000,0.000,-1
4311,0.000,0.000,0.000,0.000,0.000,-1
4312,0.000,0.000,0.000,0.000,0.000,-1
4313,0.000,0.000,0.000,0.000,0.000,-1
4314,0.000,0.000,0.000,0.000,0.000,-1
4315,0.000,0.000,0.000,0.000,0.000,-1
4316,0.000,0.000,0.000,0.000,0.000,-1
4317,0.000,0.000,0.000,0.000,0.000,-1
4318,0.000,0.000,0.000,0.000,0.000,-1
4319,0.000,0.000,0.000,0.000,0.000,-1
4320,0.000,0.000,0.000,0.000,0.000,-1
4321,0.000,0.000,0.000,0.000,0.000,-1
4322,0.000,0.000,0.000,0.000,0.000,-1
4323,0.000,0.000,0.000,0.000,0.000,-1
4324,0.000,0.000,0.000,0.000,0.000,-1
4325,0.000,0.000,0.000,0.000,0.000,-1
4326,0.000,0.000,0.000,0.000,0.000,-1
4327,0.000,0.000,0.000,0.000,0.000,-1
4328,0.000,0.000,0.000,0.000,0.000,-1
4329,0.000,0.000,0.000,0.000,0.000,-1
4330,0.000,0.000,0.000,0.000,0.000,-1
4331,0.000,0.000,0.000,0.000,0.000,-1
4332,0.000,0.000,0.000,0.000,0.000,-1
4333,0.000,0.000,0.000,0.000,0.000,-1
4334,0.000,0.000,0.000,0.000,0.000,-1
4335,0.000,0.000,0.000,0.000,0.000,-1
4336,0.000,0.000,0.000,0.000,0.000,-1
4337,0.000,0.000,0.000,0.000,0.000,-1
4338,0.000,0.000,0.000,0.000,0.000,-1
4339,0.000,0.000,0.000,0.000,0.000,-1
4340,0.000,0.000,0.000,0.000,0.000,-1
4341,0.000,0.000,0.000,0.000,0.000,-1
4342,0.000,0.000,0.000,0.000,0.000,-1
4343,0.000,0.000,0.000,0.000,0.000,-1
4344,0.000,0.000,0.000,0.000,0.000,-1
4345,0.000,0.000,0.000,0.000,0.000,-1
4346,0.000,0.000,0.000,0.000,0.000,-1
4347,0.000,0.000,0.000,0.000,0.000,-1
4348,0.000,0.000,0.000,0.000,0.000,-1
4349,0.000,0.000,0.000,0.000,0.000,-1
4350,0.000,0.000,0.000,0.000,0.000,-1
4351,0.000,0.000,0.000,0.000,0.000,-1
4352,0.000,0.000,0.000,0.000,0.000,-1
4353,0.000,0.000,0.000,0.000,0.000,-1
4354,0.000,0.000,0.000,0.000,0.000,-1
4355,0.000,0.000,0.000,0.000,0.000,-1
4356,0.000,0.000,0.000,0.000,0.000,-1
4357,0.000,0.000,0.000,0.000,0.000,-1
4358,0.000,0.000,0.000,0.000,0.000,-1
4359,0.000,0.000,0.000,0.000,0.000,-1
4360,0.000,0.000,0.000,0.000,0.000,-1
4361,0.000,0.000,0.000,0.000,0.000,-1
4362,0.000,0.000,0.000,0.000,0.000,-1
4363,0.000,0.000,0.000,0.000,0.000,-1
4364,0.000,0.000,0.000,0.000,0.000,-1
4365,0.000,0.000,0.000,0.000,0.000,-1
4366,0.000,0.000,0.000,0.000,0.000,-1
4367,0.000,0.000,0.000,0.000,0.000,-1
4368,0.000,0.000,0.000,0.000,0.000,-1
4369,0.000,0.000,0.000,0.000,0.000,-1
4370,0.000,0.000,0.000,0.000,0.000,-1
4371,0.000,0.000,0.000,0.000,0.000,-1
4372,0.000,0.000,0.000,0.000,0.000,-1
4373,0.000,0.000,0.000,0.000,0.000,-1
4374,0.000,0.000,0.000,0.000,0.000,-1
4375,0.000,0.000,0.000,0.000,0.000,-1
4376,0.000,0.000,0.000,0.000,0.000,-1
4377,0.000,0.000,0.000,0.000,0.000,-1
4378,0.000,0.000,0.000,0.000,0.000,-1
4379,0.000,0.000,0.000,0.000,0.000,-1
4380,0.000,0.000,0.000,0.000,0.000,-1
4381,0.000,0.000,0.000,0.000,0.000,-1
4382,0.000,0.000,0.000,0.000,0.000,-1
4383,0.000,0.000,0.000,0.000,0.000,-1
4384,0.000,0.000,0.000,0.000,0.000,-1
4385,0.000,0.000,0.000,0.000,0.000,-1
4386,0.000,0.000,0.000,0.000,0.000,-1
4387,0.000,0.000,0.000,0.000,0.000,-1
4388,0.000,0.000,0.000,0.000,0.000,-1
4389,0.000,0.000,0.000,0.000,0.000,-1
4390,0.000,0.000,0.000,0.000,0.000,-1
4391,0.000,0.000,0.000,0.000,0.000,-1
4392,0.000,0.000,0.000,0.000,0.000,-1
4393,0.000,0.000,0.000,0.000,0.000,-1
4394,0.000,0.000,0.000,0.000,0.000,-1
4395,0.000,0.000,0.000,0.000,0.000,-1
4396,0.000,0.000,0.000,0.000,0.000,-1
4397,0.000,0.000,0.000,0.000,0.000,-1
4398,0.000,0.000,0.000,0.000,0.000,-1
4399,0.000,0.000,0.000,0.000,0.000,-1
4400,0.000,0.000,0.000,0.000,0.000,-1
4401,0.000,0.000,0.000,0.000,0.000,-1
4402,0.000,0.000,0.000,0.000,0.000,-1
4403,0.000,0.000,0.000,0.000,0.000,-1
4404,0.000,0.000,0.000,0.000,0.000,-1
4405,0.000,0.000,0.000,0.000,0.000,-1
4406,0.000,0.000,0.000,0.000,0.000,-1
4407,0.000,0.000,0.000,0.000,0.000,-1
4408,0.000,0.000,0.000,0.000,0.000,-1
4409,0.000,0.000,0.000,0.000,0.000,-1
4410,0.000,0.000,0.000,0.000,0.000,-1
4411,0.000,0.000,0.000,0.000,0.000,-1
4412,0.000,0.000,0.000,0.000,0.000,-1
4413,0.000,0.000,0.000,0.000,0.000,-1
4414,0.000,0.000,0.000,0.000,0.000,-1
4415,0.000,0.000,0.000,0.000,0.000,-1
4416,0.000,0.000,0.000,0.000,0.000,-1
4417,0.000,0.000,0.000,0.000,0.000,-1
4418,0.000,0.000,0.000,0.000,0.000,-1
4419,0.000,0.000,0.000,0.000,0.000,-1
4420,0.000,0.000,0.000,0.000,0.800,-1
4421,0.000,0.000,0.000,0.000,0.691,-1
4422,0.000,0.000,0.000,0.000,0.528,-1
4423,0.000,0.000,0.000,0.000,0.365,-1
4424,0.000,0.000,0.000,0.000,0.209,-1
4425,0.000,0.000,0.000,0.000,0.057,-1
4426,0.000,0.000,0.000,0.000,0.000,-1
4427,0.000,0.000,0.000,0.000,0.000,-1
4428,0.000,0.000,0.000,0.000,0.000,-1
4429,0.000,0.000,0.000,0.000,0.000,-1
4430,0.000,0.000,0.000,0.000,0.000,-1
4431,0.000,0.000,0.000,0.000,0.000,-1
4432,0.000,0.000,0.000,0.000,0.000,-1
4433,0.000,0.000,0.000,0.000,0.000,-1
4434,0.000,0.000,0.000,0.000,0.000,-1
4435,0.000,0.000,0.000,0.000,0.000,-1
4436,1.000,0.234,0.234,0.234,0.000,-1
4437,1.000,0.000,0.000,0.000,0.702,-1
4438,1.000,0.000,0.000,0.000,0.523,-1
4439,1.000,0.000,0.000,0.000,0.350,-1
4440,1.000,0.000,0.000,0.000,0.178,-1
4441,1.000,0.000,0.000,0.000,0.029,-1
4442,1.000,0.308,0.308,0.308,0.000,-1
4443,1.000,0.621,0.621,0.621,0.000,-1
4444,1.000,0.936,0.936,0.936,0.000,-1
4445,1.000,1.000,1.000,1.000,0.000,-1
4446,1.000,1.000,1.000,1.000,0.000,-1
4447,1.000,1.000,1.000,1.000,0.000,-1
4448,0.000,1.000,1.000,1.000,0.000,-1
4449,0.000,0.000,0.000,0.000,0.800,-1
4450,0.000,0.000,0.000,0.000,0.649,-1
4451,0.000,0.000,0.000,0.000,0.775,-1
4452,0.000,0.000,0.000,0.000,0.725,-1
4453,0.000,0.000,0.000,0.000,0.556,-1
4454,0.000,0.000,0.000,0.000,0.388,-1
4455,0.000,0.000,0.000,0.000,0.219,-1
4456,1.000,0.000,0.000,0.000,0.051,-1
4457,1.000,0.262,0.262,0.262,0.000,-1
4458,1.000,0.569,0.569,0.569,0.000,-1
4459,1.000,0.878,0.878,0.878,0.000,-1
4460,1.000,1.000,1.000,1.000,0.000,-1
4461,1.000,1.000,1.000,1.000,0.000,-1
4462,1.000,1.000,1.000,1.000,0.000,-1
4463,1.000,1.000,1.000,1.000,0.000,-1
4464,1.000,1.000,1.000,1.000,0.000,-1
4465,0.000,0.181,0.181,0.181,0.000,-1
4466,0.000,0.000,0.000,0.000,0.000,-1
4467,0.000,0.000,0.000,0.000,0.000,-1
4468,0.000,0.000,0.000,0.000,0.800,-1
4469,1.000,0.000,0.000,0.000,0.750,-1
4470,1.000,0.000,0.000,0.000,0.599,-1
4471,1.000,0.000,0.000,0.000,0.446,-1
4472,1.000,0.000,0.000,0.000,0.293,-1
4473,1.000,0.000,0.000,0.000,0.139,-1
4474,1.000,0.091,0.091,0.091,0.000,-1
4475,1.000,0.367,0.367,0.367,0.000,-1
4476,1.000,0.646,0.646,0.646,0.000,-1
4477,1.000,0.921,0.921,0.921,0.000,-1
4478,1.000,1.000,1.000,1.000,0.000,-1
4479,1.000,1.000,1.000,1.000,0.000,-1
4480,1.000,1.000,1.000,1.000,0.000,-1
4481,1.000,1.000,1.000,1.000,0.000,-1
4482,1.000,1.000,1.000,1.000,0.000,-1
4483,1.000,1.000,1.000,1.000,0.000,-1
4484,0.000,0.148,0.148,0.148,0.000,-1
4485,0.000,0.000,0.000,0.000,0.000,-1
4486,0.000,0.000,0.000,0.000,0.000,-1
4487,0.000,0.000,0.000,0.000,0.000,-1
4488,0.000,0.000,0.000,0.000,0.000,-1
4489,0.000,0.000,0.000,0.000,0.000,-1
4490,0.000,0.000,0.000,0.000,0.000,-1
4491,1.000,0.182,0.182,0.182,0.000,-1
4492,0.971,0.467,0.467,0.467,0.000,-1
4493,1.000,0.780,0.780,0.780,0.000,-1
4494,1.000,1.000,1.000,1.000,0.000,-1
4495,1.000,1.000,1.000,1.000,0.000,-1
4496,1.000,1.000,1.000,1.000,0.000,-1
4497,1.000,1.000,1.000,1.000,0.000,-1
4498,1.000,1.000,1.000,1.000,0.000,-1
4499,1.000,1.000,1.000,1.000,0.000,-1
4500,1.000,1.000,1.000,1.000,0.000,-1
4501,0.000,1.000,1.000,1.000,0.000,-1
4502,0.000,0.000,0.000,0.000,0.000,-1
4503,0.000,0.000,0.000,0.000,0.000,-1
4504,0.000,0.000,0.000,0.000,0.000,-1
4505,0.000,0.000,0.000,0.000,0.000,-1
4506,0.000,0.000,0.000,0.000,0.000,-1
4507,0.000,0.000,0.000,0.000,0.000,-1
4508,0.000,0.000,0.000,0.000,0.000,-1
4509,0.000,0.000,0.000,0.000,0.000,-1
4510,0.000,0.000,0.000,0.000,0.000,-1
4511,0.000,0.000,0.000,0.000,0.000,-1
4512,0.000,0.000,0.000,0.000,0.000,-1
4513,0.000,0.000,0.000,0.000,0.000,-1
4514,0.000,0.000,0.000,0.000,0.000,-1
4515,0.000,0.000,0.000,0.000,0.000,-1
4516,0.000,0.000,0.000,0.000,0.000,-1
4517,0.000,0.000,0.000,0.000,0.000,-1
4518,0.000,0.000,0.000,0.000,0.000,-1
4519,0.000,0.000,0.000,0.000,0.000,-1
4520,0.000,0.000,0.000,0.000,0.000,-1
4521,0.000,0.000,0.000,0.000,0.000,-1
4522,0.000,0.000,0.000,0.000,0.000,-1
4523,0.000,0.000,0.000,0.000,0.000,-1
4524,0.000,0.000,0.000,0.000,0.000,-1
4525,0.000,0.000,0.000,0.000,0.000,-1
4526,0.000,0.000,0.000,0.000,0.000,-1
4527,0.000,0.000,0.000,0.000,0.000,-1
4528,0.000,0.000,0.000,0.000,0.000,-1
4529,0.000,0.000,0.000,0.000,0.000,-1
4530,0.000,0.000,0.000,0.000,0.000,-1
4531,0.000,0.000,0.000,0.000,0.000,-1
4532,0.000,0.000,0.000,0.000,0.000,-1
